"hfpxzc href","qBF1Pd","MW4etd","UY7F9","W4Efsd","W4Efsd 2","W4Efsd 3","UsdlK","lcr4fd href","Cw1rxd","R8c4Qb","Cw1rxd 2","R8c4Qb 2","Jn12ke src","ah5Ghc","google-symbols","fontBodySmall","google-symbols 2","fontBodySmall 2","google-symbols 3","fontBodySmall 3","google-symbols 4","ah5Ghc 2","ah5Ghc 3"
"","","","","","","","","","","","","","","","","","","","","","","",""
"https://www.google.com/maps/place/G%C3%AEte+Les+Chaumi%C3%A8res+de+Fort+Moville+-+Location+de+Vacances+avec+Piscine+Chauff%C3%A9e+27+Eure+Normandie+Honfleur/data=!4m7!3m6!1s0x47e1b51fd63c347d:0x5c6c4557b848f30f!8m2!3d49.344808!4d0.409441!16s%2Fg%2F11s2j086k0!19sChIJfTQ81h-14UcRD_NIuFdFbFw?authuser=0&hl=fr&rclk=1","GГ®te Les ChaumiГЁres de Fort Moville - Location de Vacances avec Piscine ChauffГ©e 27 Eure Normandie Honfleur","4,8","(32)","Maison de vacances","В·","4 Les Godeliers","07 82 91 33 48","https://leschaumieresdefortmoville.com/","о Ӣ","Site Web","о”®","ItinГ©raires","https://ssl.gstatic.com/local/servicebusiness/default_user.png","""TrГЁs jolies chaumiГЁres avec piscine couverte et chauffГ©e.""","","","","","","","","",""
"https://www.google.com/maps/place/La+Chaumi%C3%A8re/data=!4m11!3m10!1s0x47e1add2e7b7d34b:0xdc729a5e7fea2043!5m3!1s2025-09-12!4m1!1i2!8m2!3d49.2909653!4d0.566148!16s%2Fg%2F11fhvml50y!19sChIJS9O359Kt4UcRQyDqf16actw?authuser=0&hl=fr&rclk=1","La ChaumiГЁre","4,8","(68)","Chambre d'hГҙtes","","","06 70 41 91 27","http://www.la-chaumiere-net.com/","о Ӣ","Site Web","о”®","ItinГ©raires","https://ssl.gstatic.com/local/servicebusiness/default_user.png","""Magnifie","о•Ҹ","Parking inclus","оҳҫ","Wi-Fi inclus","оҳҫ","Wi-Fi disponible","оӨқ","chaumiГЁre","normande en pleine campagne le proprio est trГЁs sympa."""
"https://www.google.com/maps/place/G%C3%AEte+%22La+chaumi%C3%A8re+Saint-Sim%C3%A9on%22/data=!4m7!3m6!1s0x47e1adee3aeba9e9:0xb32c61edb8f0d09e!8m2!3d49.2963153!4d0.5350065!16s%2Fg%2F11byvb9ycx!19sChIJ6anrOu6t4UcRntDwuO1hLLM?authuser=0&hl=fr&rclk=1","GГ®te ""La chaumiГЁre Saint-SimГ©on""","4,9","(34)","GГ®te","В·","790 Ham. des CarrГ©s","06 08 23 17 95","http://www.gite-chaumiere-saint-simeon.com/","о Ӣ","Site Web","о”®","ItinГ©raires","https://ssl.gstatic.com/local/servicebusiness/default_user.png","""Au calme pour une parenthГЁse bucolique dans cette superbe region""","","","","","","","","",""
"https://www.google.com/maps/place/La+Chaumi%C3%A8re/data=!4m11!3m10!1s0x47e03242e8f47137:0x8dccd12fed7951ba!5m3!1s2025-09-12!4m1!1i2!8m2!3d49.4192978!4d0.1998538!16s%2Fg%2F1tfm5yrk!19sChIJN3H06EIy4EcRulF57S_RzI0?authuser=0&hl=fr&rclk=1","La ChaumiГЁre","4,3","(642)","HГҙtel de tourisme 4В Г©toiles","Chambres sobres et restaurant chic","","02 31 81 63 20","http://www.hotel-chaumiere.fr/","о Ӣ","Site Web","о”®","ItinГ©raires","https://ssl.gstatic.com/local/servicebusiness/default_user.png","""Piscine et sauna ( quвҖҷon nous a pas proposГ©) et surtout le petit dГ©jeuner.""","оӯҲ","Piscine","о•Ҹ","Parking inclus","оҳҫ","Wi-Fi inclus","о•Ғ","",""
"https://www.google.com/maps/place/La+Chaumi%C3%A8re+Normande/data=!4m11!3m10!1s0x47e04146d23d46bf:0x7d037b2b1ea5e8df!5m3!1s2025-09-12!4m1!1i2!8m2!3d49.6298406!4d0.4400946!16s%2Fg%2F11y33dss_d!19sChIJv0Y90kZB4EcR3-ilHit7A30?authuser=0&hl=fr&rclk=1","La ChaumiГЁre Normande","4,7","(12)","Chambre d'hГҙtes","","","06 17 44 01 59","https://www.la-chaumiere-normande.fr/","о Ӣ","Site Web","о”®","ItinГ©raires","https://ssl.gstatic.com/local/servicebusiness/default_user.png","""Un endroit vraiment charmant et dГ©corГ© avec beaucoup de goГ»t !""","оӯҲ","Piscine","о•Ҹ","Parking inclus","оҳҫ","Wi-Fi inclus","о•Ғ","",""
"https://www.google.com/maps/place/Charmante+petite+Villa+sur+Deauville+Trouville+Sur+Mer/data=!4m7!3m6!1s0x47e1d3bf1940d041:0xca4dc76c6517c3d3!8m2!3d49.3537334!4d0.0977307!16s%2Fg%2F11twh8hxx1!19sChIJQdBAGb_T4UcR08MXZWzHTco?authuser=0&hl=fr&rclk=1","Charmante petite Villa sur Deauville Trouville Sur Mer","4,9","(17)","Location d'appartement de vacances","В·","1 Rue Jean Monnet","06 34 33 01 09","https://locationvacancesdeauville.com/","о Ӣ","Site Web","о”®","ItinГ©raires","https://ssl.gstatic.com/local/servicebusiness/default_user.png","""Charmante","","","","","","","","villa","spacieuse, bien Г©quipГ©e et bien dГ©corГ©e."""
"https://www.google.com/maps/place/La+Chaumi%C3%A8re/data=!4m7!3m6!1s0x47e024456353e553:0xdcff1d1565de2bec!8m2!3d49.579167!4d0.118565!16s%2Fg%2F11b_2d1_6v!19sChIJU-VTY0Uk4EcR7CveZRUd_9w?authuser=0&hl=fr&rclk=1","La ChaumiГЁre","5,0","(5)","GГ®te","В·","83 Rue d'Ecqueville","06 72 10 13 99","","о”®","ItinГ©raires","","","https://ssl.gstatic.com/local/servicebusiness/default_user.png","""Et le lieu est magnifique.""","","","","","","","","",""
"https://www.google.com/maps/place/G%C3%AEte+La+Chaumi%C3%A8re+de+la+Forge/data=!4m7!3m6!1s0x47e03d125af73ddf:0x1dc365b4582cae5d!8m2!3d49.6528827!4d0.2075157!16s%2Fg%2F11fj413pcc!19sChIJ3z33WhI94EcRXa4sWLRlwx0?authuser=0&hl=fr&rclk=1","GГ®te La ChaumiГЁre de la Forge","4,9","(24)","GГ®te","В·","2 Chem. du Haut de la Paroisse","06 45 02 78 36","","о”®","ItinГ©raires","","","https://ssl.gstatic.com/local/servicebusiness/default_user.png","""Piscine couverte chauffГ©e, sauna et JACUZZI рҹҳҚрҹҳҚ
Je recommande a 2000% рҹҳҒ""","","","","","","","","",""
"https://www.google.com/maps/place/Les+Chaumi%C3%A8res+du+Pays+d%27Auge/data=!4m11!3m10!1s0x47e1cf10cc0e17bb:0x945f0442fd4cbc3!5m3!1s2025-09-12!4m1!1i2!8m2!3d49.2316149!4d0.2328684!16s%2Fg%2F11f4ws_szb!19sChIJuxcOzBDP4UcRw8vUL0TwRQk?authuser=0&hl=fr&rclk=1","Les ChaumiГЁres du Pays d'Auge","5,0","(14)","Chambre d'hГҙtes","","","02 31 65 22 20","http://www.leschaumieresdupaysdauge.com/","о Ӣ","Site Web","о”®","ItinГ©raires","https://ssl.gstatic.com/local/servicebusiness/default_user.png","""Magnifique endroit et superbe","о•Ҹ","Parking inclus","оҳҫ","Wi-Fi inclus","оҳҫ","Wi-Fi disponible","","maison","."""
"https://www.google.com/maps/place/G%C3%AEte+La+Chaumi%C3%A8re/data=!4m7!3m6!1s0x47e035849724de17:0xc8c1ee2cd79c77ab!8m2!3d49.4074481!4d0.2932193!16s%2Fg%2F11rz9chf2t!19sChIJF94kl4Q14EcRq3ec1yzuwcg?authuser=0&hl=fr&rclk=1","GГ®te La ChaumiГЁre","5,0","(1)","Lodge","В·","317 Chem. d'Ableville","02 31 82 71 65","https://www.gites-de-france-calvados.fr/","о Ӣ","Site Web","о”®","ItinГ©raires","","","","","","","","","","",""
"https://www.google.com/maps/place/les+chaumi%C3%A8res+d%27Ecaquelon/data=!4m7!3m6!1s0x47e100bcc1de6f4b:0x6dd51152dde11533!8m2!3d49.2986673!4d0.7116577!16s%2Fg%2F11c1x9yl9t!19sChIJS2_ewbwA4UcRMxXh3VIR1W0?authuser=0&hl=fr&rclk=1","les chaumiГЁres d'Ecaquelon","3,9","(7)","Location de cottage","В·","568 Rue de la Prte Bleue","06 60 19 64 19","","о”®","ItinГ©raires","","","https://ssl.gstatic.com/local/servicebusiness/default_user.png","""Piscine, jacuzzi et sauna parfait.""","","","","","","","","",""
"https://www.google.com/maps/place/La+Maison+Harmony+****/data=!4m11!3m10!1s0x480a77b065266ce1:0x3950c7a84fda7acf!5m3!1s2025-09-12!4m1!1i2!8m2!3d49.1883682!4d-0.0461975!16s%2Fg%2F11s768y8w1!19sChIJ4WwmZbB3CkgRz3raT6jHUDk?authuser=0&hl=fr&rclk=1","La Maison Harmony ****","5,0","(12)","GГ®te","","","06 63 11 26 98","https://lamaisonharmony.fr/","о Ӣ","Site Web","о”®","ItinГ©raires","https://ssl.gstatic.com/local/servicebusiness/default_user.png","""Superbe","","","","","","","","maison","trГЁs fonctionnelle et trГЁs bien dГ©corГ©e."""
"https://www.google.com/maps/place/Restaurant+La+Chaumi%C3%A8re/data=!4m7!3m6!1s0x47e02de539993135:0x3ee32cf3e0906aef!8m2!3d49.419465!4d0.1993863!16s%2Fg%2F11shxc249v!19sChIJNTGZOeUt4EcR72qQ4PMs4z4?authuser=0&hl=fr&rclk=1","Restaurant La ChaumiГЁre","4,7","(233)","Restaurant","В·","В·","02 31 81 63 20","https://bookings.zenchef.com/results?rid=360597&pid=1001","о Ӣ","Site Web","о”®","ItinГ©raires","https://ssl.gstatic.com/local/servicebusiness/default_user.png","""TrГЁs bon restaurant, cadre et vue magnifiques, et service trГЁs sympathique !""","","","","","","","","",""
"","","","","","","","","","","","","","","","","","","","","","","",""