Commercial_Affecte,Civilite,Prenom,Nom,Fonction_Exacte,LinkedIn_Profil,Nom_Entreprise,Type_Etablissement,Site_Web,Taille_Structure,Adresse_Complete,Email_Direct,Telephone_Mobile,Telephone_Standard,Email_Generique,Source_Lead,Niveau_Engagement,Besoin_Detecte,Concurrent_Actuel,Statut_Prospection,Date_Dernier_Contact,Commentaire_Libre,Prochaine_Action
PK,,,,Le Domaine d'Engrazac,Domaine/Château,,,Département 11,,,,Dossier Hébergeurs,,,Avis: Domaines rénovés de grande capacité idéaux pour groupes/événements, propreté exemplaire, piscines chauffées et accueil chaleureux plébiscités ; notes constantes à 9,6-10/10.,,Publié (Conserver),,"Domaines rénovés de grande capacité idéaux pour groupes/événements, propreté exemplaire, piscines chauffées et accueil chaleureux plébiscités ; notes constantes à 9,6-10/10. | Tendance stable.",""
PK,,,,Votre terrasse au soleil,Gîte,,,Département 31,,,,Dossier Hébergeurs,,,Avis: Gîte récent à Toulouse (Happy House) de 4-8 couchages, terrasse ensoleillée et emplacement pratique plébiscités dans les descriptions,,Publié (Conserver),,"Gîte récent à Toulouse (Happy House) de 4-8 couchages, terrasse ensoleillée et emplacement pratique plébiscités dans les descriptions, | Tendance stable.",""
PK,,,,Les pieds dans l'eau,Gîte,,,Département 66,,,,Dossier Hébergeurs,,,Avis: Gîtes calmes et spacieux près de l’eau, confort et proximité nature soulignés, notes 10/10 récentes.; Evolution: Légère amélioration (avis positifs constants).,,Publié (Conserver),,"Gîtes calmes et spacieux près de l’eau, confort et proximité nature soulignés, notes 10/10 récentes. | Légère amélioration (avis positifs constants).",""
JF,,,,La Maison du Château,Gîte,,,Département 66,,,,Dossier Hébergeurs,,,Avis: Gîte duplex provençal au cœur du village, vue panoramique et propreté irréprochable, 79 % d’appréciation sur 3 ans.; Evolution: Tendance stable.,,Publié (Conserver),,"4 et 5 même hébergeur | Gîte duplex provençal au cœur du village, vue panoramique et propreté irréprochable, 79 % d’appréciation sur 3 ans. | Tendance stable.",""
JF,,,,Domaine de Riberach,Domaine/Château,,,Département 66,,,,Dossier Hébergeurs,,,Avis: Hôtel-spa 4* avec piscine naturelle, restaurant étoilé et chambres dans cuves ; accueil et cadre zen très appréciés (10/10 récents), stable depuis 2015.; Evolution: Tendance stable.,,Publié (Conserver),,"Vin | Hôtel-spa 4* avec piscine naturelle, restaurant étoilé et chambres dans cuves ; accueil et cadre zen très appréciés (10/10 récents), stable depuis 2015. | Tendance stable.",""
JF,,,,Clos des Coustoulins,Maison/Demeure,,,Département 34,,,,Dossier Hébergeurs,,,Avis: Maison d’hôtes luxe près Lac du Salagou, piscine chauffée et séjours concepts (quad) plébiscités ; notes 10/10.; Evolution: Légère amélioration (croissance visibilité).,,Publié (Conserver),RDV programer le 13/02/2026,"RDV programer le 13/02/2026 | X impliquée | Maison d’hôtes luxe près Lac du Salagou, piscine chauffée et séjours concepts (quad) plébiscités ; notes 10/10. | Légère amélioration (croissance visibilité).",""
,,,,La Péniche Saint-Louis,Bateau/Péniche,,,Toulouse, Département 31,,,,Dossier Hébergeurs,,,Avis: Péniche rénovée 2021 à Toulouse, atypique pour événements/mariages, lumière naturelle et toit-terrasse ; récents positifs.; Evolution: Amélioration post-rénovation.,,A supprimer par CnC (Supprimer),,"C'est un partenaire - pas un hébergeur | Péniche rénovée 2021 à Toulouse, atypique pour événements/mariages, lumière naturelle et toit-terrasse ; récents positifs. | Amélioration post-rénovation.",""
,,,,Bord de Garonne,,,,Département 31,,,,Dossier Hébergeurs,,,,,,,,,,""
JF,,,,Chalet Nantailly,Gîte,,,Département 73,,,,Dossier Hébergeurs,,,Avis: Éco-chalet Savoie vue Mont-Blanc, bain nordique et rénovation 2015 ; groupes/familles ravies du confort et vue.; Evolution: Tendance stable.,,A décider (A appeler),1/1/2026,"X Perdue de vue | Éco-chalet Savoie vue Mont-Blanc, bain nordique et rénovation 2015 ; groupes/familles ravies du confort et vue. | Tendance stable.",""
JF,,,,La Grange,Gîte,,,Département 11,,,,Dossier Hébergeurs,,,Avis: Gîtes rustiques Gers/Cauterets, piscines et calme campagne ; équipement et hôtes gentils (10/10 mars 2023).; Evolution: Tendance stable.,,A décider (A appeler),1/1/2026,"X Perdue de vue | Gîtes rustiques Gers/Cauterets, piscines et calme campagne ; équipement et hôtes gentils (10/10 mars 2023). | Tendance stable.",""
,,,,Le Fafarua Lodge,Hôtel,,,Département 98,,,,Dossier Hébergeurs,,,Avis: Lodge Polynésie/Tahiti bord plage, 93 % appréciation sur 27 avis/3 ans ; cadre isolé positif malgré quelques médiocres.; Evolution: Légère amélioration.,,A supprimer par CnC (Supprimer),,"Lodge Polynésie/Tahiti bord plage, 93 % appréciation sur 27 avis/3 ans ; cadre isolé positif malgré quelques médiocres. | Légère amélioration.",""
PK,,,,L'Home à la mer,Maison/Demeure,,,Département 22,,,,Dossier Hébergeurs,,,Avis: Maison familiale Bretagne bord mer, emplacement et équipement 4,8/5 (6 avis Google) ; propreté et localisation top.; Evolution: Tendance stable.,,Publié (Conserver),,"Maison familiale Bretagne bord mer, emplacement et équipement 4,8/5 (6 avis Google) ; propreté et localisation top. | Tendance stable.",""
,,,,Maison de la Baie de Cook,Villa,,,Département 98,,,,Dossier Hébergeurs,,,Avis: Villa Moorea luxe pieds dans l’eau, vue Papeete et jacuzzi ; groupes satisfaits (10/10 mars/juillet 2025).; Evolution: Tendance stable.,,A décider (A appeler),1/1/2026,"Villa Moorea luxe pieds dans l’eau, vue Papeete et jacuzzi ; groupes satisfaits (10/10 mars/juillet 2025). | Tendance stable.",""
,,,,Kom'Home,,,,Département 29,,,,Dossier Hébergeurs,,,,,,NO GO,,,""
JF,,,,Le Doux Nid,Maison/Demeure,,,Département 73,,,,Dossier Hébergeurs,,,Avis: B&B Chanaz thématique, déco soignée et petit-déj excellent ; 232-403 avis, quelques plaintes odeur/isolation but global positif.; Evolution: Légère amélioration récente.,,A décider (A appeler),1/1/2026,"X Perdue de vue | B&B Chanaz thématique, déco soignée et petit-déj excellent ; 232-403 avis, quelques plaintes odeur/isolation but global positif. | Légère amélioration récente.",""
YK,,,,Dar Bounkhal,Hôtel,,,Maroc,,,,Dossier Hébergeurs,,,Avis: Riad Maroc traditionnel, accueil chaleureux (5/10 avis) ; repos et organisation parfaite 2019, données rares.; Evolution: Tendance stable (peu d’avis).,,A décider (A appeler),1/1/2026,"Riad Maroc traditionnel, accueil chaleureux (5/10 avis) ; repos et organisation parfaite 2019, données rares. | Tendance stable (peu d’avis).",""
YK,,,,Essaouira Lodge,Hôtel,,,Maroc,,,,Dossier Hébergeurs,,,Avis: Lodge Maroc piscine/navette, personnel gentil et propreté irréprochable (595 avis Tripadvisor, 937 Booking) ; quelques critiques service/petit-déj.; Evolution: Tendance stable.,,A décider (A appeler),1/1/2026,"Lodge Maroc piscine/navette, personnel gentil et propreté irréprochable (595 avis Tripadvisor, 937 Booking) ; quelques critiques service/petit-déj. | Tendance stable.",""
YK,,,,Le Petit Hôtel du Flouka,Hôtel,,,Maroc,,,,Dossier Hébergeurs,,,Avis: Petit hôtel lac Lalla Takerkoust, cadre magnifique piscine chauffée, accueil chaleureux et propreté top .; Evolution: Tendance stable.,,A décider (A appeler),1/1/2026,"Petit hôtel lac Lalla Takerkoust, cadre magnifique piscine chauffée, accueil chaleureux et propreté top . | Tendance stable.",""
YK,,,,Riad Soleil du Monde,Hôtel,,,Maroc,,,,Dossier Hébergeurs,,,Avis: Riad Zagora authentique, chambres confortables propres, accueil familial et cuisine locale excellente (58-1144 avis, 9/10 Booking).; Evolution: Légère amélioration.,,A décider (A appeler),1/1/2026,"Riad Zagora authentique, chambres confortables propres, accueil familial et cuisine locale excellente (58-1144 avis, 9/10 Booking). | Légère amélioration.",""
JF,,,,Le Château de Valmy,Domaine/Château,,,Département 66,,,,Dossier Hébergeurs,,,Avis: Château Argelès vue mer, piscine parc magnifique, accueil excellent petit-déj copieux (avis positifs 2022-2024).; Evolution: Tendance stable.,,A décider (A appeler),1/1/2026,"Vin | X je connais le gerant du resto | Château Argelès vue mer, piscine parc magnifique, accueil excellent petit-déj copieux (avis positifs 2022-2024). | Tendance stable.",""
PK,,,,La Magnanerie de Dions,Maison/Demeure,,,Département 30,,,,Dossier Hébergeurs,,,Avis: Maison d’hôtes Gard (Dions) entre Uzès/Nîmes/Pont du Gard, accueil chaleureux Pascale piscine jardin, séjour agréable ressourçant noté très positivement; Evolution: Tendance stable.,,Publié (Conserver),,"Maison d’hôtes Gard (Dions) entre Uzès/Nîmes/Pont du Gard, accueil chaleureux Pascale piscine jardin, séjour agréable ressourçant noté très positivement | Tendance stable.",""
YK,,,,Atlas Kasbah Ecolodge,Hôtel,,,Maroc,,,,Dossier Hébergeurs,,,Avis: Écolodge Drargua/Agadir, cadre authentique piscine, accueil chaleureux (223 avis Booking, notes élevées).; Evolution: Tendance stable.,,A décider (A appeler),1/1/2026,"Écolodge Drargua/Agadir, cadre authentique piscine, accueil chaleureux (223 avis Booking, notes élevées). | Tendance stable.",""
JF,,,,Ecogite La Nöe,Gîte,,,Département 35,,,,Dossier Hébergeurs,,,Avis: Éco-gîte Bretagne près Rennes, piscine chauffée jeux enfants, notes 9,8-9,9/10 sur 56 avis (2023-2024), propreté équipement accueil parfaits.; Evolution: Légère amélioration.,,Publié (Conserver),,"X annonce RMC | Éco-gîte Bretagne près Rennes, piscine chauffée jeux enfants, notes 9,8-9,9/10 sur 56 avis (2023-2024), propreté équipement accueil parfaits. | Légère amélioration.",""
JF,,,,Domaine de l'Ocrerie,Domaine/Château,,,Département 89,,,,Dossier Hébergeurs,,,Avis: Domaine artistique Yonne, suites loft décorées œuvres d’art, accueil Cathy/Gilles dîner excellent piscine village .; Evolution: Tendance stable.,,A décider (A appeler),1/1/2026,"X perdue de vue | Domaine artistique Yonne, suites loft décorées œuvres d’art, accueil Cathy/Gilles dîner excellent piscine village . | Tendance stable.",""
YK,,,,Riad La Porte du Bouregreg,Hôtel,,,Maroc,,,,Dossier Hébergeurs,,,Avis: Riad Salé Rabat, propreté service petit-déj top, rooftop terrasse (notes 8-10/10 2022-2023, quelques critiques clés/taxes).; Evolution: Tendance stable.,,A décider (A appeler),1/1/2026,"Riad Salé Rabat, propreté service petit-déj top, rooftop terrasse (notes 8-10/10 2022-2023, quelques critiques clés/taxes). | Tendance stable.",""
PK,,,,La bergerie Ariegeoise,Maison/Demeure,,,Département 09,,,,Dossier Hébergeurs,,,Avis: Bergerie Ariège rustique/modernisée, calme randonnées cascade Ars, confort familial (avis implicites positifs Happy House).; Evolution: Tendance stable présumée.,,Publié (Conserver),,"Bergerie Ariège rustique/modernisée, calme randonnées cascade Ars, confort familial (avis implicites positifs Happy House). | Tendance stable présumée.",""
PK,,,,Chalet Hygge,Gîte,,,Département 65,,,,Dossier Hébergeurs,,,Avis: Ensemble 3 gîtes Saint-Lary-Soulan (Pyrénées) centre village, confort moderne hygge (spa vue montagne cheminée domotique), propreté accueil exceptionnel emplacement parfait; Evolution: Données insuffisantes.,,Publié (Conserver),,"Ensemble 3 gîtes  Saint-Lary-Soulan (Pyrénées) centre village, confort moderne hygge (spa vue montagne cheminée domotique), propreté accueil exceptionnel emplacement parfait | Données insuffisantes.",""
,,,,Suite 785,,,,Département 82,,,,Dossier Hébergeurs,,,,,,NO GO (A supprimer),,""
,,,,Natura Zome,Gîte,,,Département 82,,,,Dossier Hébergeurs,,,,,,NO GO (A supprimer),,""
,,,,Les terrasses de l'oliu de l'oustalet,,,,Département 82,,,,Dossier Hébergeurs,,,,,,NO GO,,,""
,,,,Aux coteaux d'aussac,,,,Département 82,,,,Dossier Hébergeurs,,,,,,NO GO,,,""
,,,,Le Domaine de la Rivalière,Domaine/Château,,,Département 82,,,,Dossier Hébergeurs,,,,,,NO GO,,,""
PK,,,,La grange de Valade,Gîte,,,Département 82,,,,Dossier Hébergeurs,,,Avis: Gîte grange campagne piscine, équipement propreté soulignés (avis limités Occitanie).; Evolution: Tendance stable.,,Publié (Conserver),,"Gîte grange campagne piscine, équipement propreté soulignés (avis limités Occitanie). | Tendance stable.",""
,,,,Magic Bus,,,,Département 31,,,,Dossier Hébergeurs,,,,,,NO GO,,,""
,,,,No GO - La grande maison Mazamet,,,,Département 81,,,,Dossier Hébergeurs,,,,,,NO GO,,,""
,,,,Le chateau de verdalle,Domaine/Château,,,Département 81,,,,Dossier Hébergeurs,,,Avis: Château Lot vignoble piscine, cadre historique accueil excellent (avis positifs récents).; Evolution: Tendance stable.,,A décider (A appeler),1/1/2026,"Château Lot vignoble piscine, cadre historique accueil excellent (avis positifs récents). | Tendance stable.",""
,,,,NO GO Gite de Loustalneve,Gîte,,,Département 82,,,,Dossier Hébergeurs,,,,,,NO GO,,,""
,,,,NO GO - Chaleureux appartement,Gîte,,,Département 31,,,,Dossier Hébergeurs,,,,,,NO GO,,,""
PK,,,,Lou Papagai,Maison/Demeure,,,Département 82,,,,Dossier Hébergeurs,,,Avis: Hameau 4* Tarn-et-Garonne (Saint-Antonin-Noble-Val) pour familles/groupes, piscine calme nature gorges Aveyron, confort déco soignée accueil top plébiscités; Evolution: Tendance stable.,,Publié (Conserver),,"Hameau 4* Tarn-et-Garonne (Saint-Antonin-Noble-Val) pour familles/groupes, piscine calme nature gorges Aveyron, confort déco soignée accueil top plébiscités | Tendance stable.",""
,,,,Aux rives de la courtade,,,,Département 81,,,,Dossier Hébergeurs,,,,,,NO GO,,,""
,,,,NO GO - Gîte du Pignou,Gîte,,,Département 81,,,,Dossier Hébergeurs,,,,,,NO GO,,,""
,,,,NO GO - La ville en rose,,,,Département 82,,,,Dossier Hébergeurs,,,,,,NO GO,,,""
,,,,NO GO L'alcove du 510,,,,Département 82,,,,Dossier Hébergeurs,,,,,,NO GO,,,""
,,,,NO GO - Un air de famille,,,,Département 82,,,,Dossier Hébergeurs,,,,,,NO GO,,,""
JF,,,,Les granges de l'abbaye,Maison/Demeure,,,Département 82,,,,Dossier Hébergeurs,,,Avis: Granges historiques piscine calme, confort familial groupes (avis positifs implicites).; Evolution: Tendance stable.,,Publié (Conserver),,"X | Granges historiques piscine calme, confort familial groupes (avis positifs implicites). | Tendance stable.",""
,,,,NO GO - Le Flacon de la verrouille,,,,Département 82,,,,Dossier Hébergeurs,,,,,,NO GO,,,""
,,,,NO GO - Chez Sandrine,,,,Département 31,,,,Dossier Hébergeurs,,,,,,NO GO,,,""
JF,,,,La Maison de Romain,Gîte,,,Département 81,,,,Dossier Hébergeurs,,,Avis: Gîte luxe Tarn (Puycelsi/Château de Terride), 14 couchages vignes vue splendide, cadre paisible authentique ressourçant plébiscité; Evolution: Tendance stable.,,Publié (Conserver),,"X Vin chateau terride | Gîte luxe Tarn (Puycelsi/Château de Terride), 14 couchages vignes vue splendide, cadre paisible authentique ressourçant plébiscité | Tendance stable.",""
PK,,,,Château de la Baronnie,Domaine/Château,,,Département 82,,,,Dossier Hébergeurs,,,Avis: Château historique Gard piscine parc, élégance mariages (avis positifs).,,Publié (Conserver),,"Château historique Gard piscine parc, élégance mariages (avis positifs).",""
PK,,,,Les coulisses du chateau,Maison/Demeure,,,Département 82,,,,Dossier Hébergeurs,,,Avis: Chambres d’hôtes Nègrepelisse Tarn village médiéval, ambiance chaleureuse familiale confort 9,6/10 (68 avis Booking 2024), accueil piscine proche rivière.; Evolution: Tendance stable.,,Publié (Conserver),,"Chambres d’hôtes Nègrepelisse Tarn village médiéval, ambiance chaleureuse familiale confort 9,6/10 (68 avis Booking 2024), accueil piscine proche rivière. | Tendance stable.",""
PK,,,,Kasalilou,Gîte,,,Département 65,,,,Dossier Hébergeurs,,,Avis: Gîte prestige Pyrénées Vignec Saint-Lary, jacuzzi vue montagne 15pax, ski randonnée animaux OK (38 avis Abritel positifs).; Evolution: Légère amélioration.,,Publié (Conserver),,"Gîte prestige Pyrénées Vignec Saint-Lary, jacuzzi vue montagne 15pax, ski randonnée animaux OK (38 avis Abritel positifs). | Légère amélioration.",""
PK,,,,L'igloo,Gîte,,,Département 65,,,,Dossier Hébergeurs,,,Avis: Appart chic Saint-Lary balcon vue sommets tranquillité village, luxe montagne pistes à pied (avis Airbnb récents excellents).; Evolution: Tendance stable.,,Publié (Conserver),,"Appart chic Saint-Lary balcon vue sommets tranquillité village, luxe montagne pistes à pied (avis Airbnb récents excellents). | Tendance stable.",""
PK,,,,Arbiview,Gîte,,,Département 65,,,,Dossier Hébergeurs,,,Avis: Chalet luxe Hautes-Pyrénées Saint-Lary 12pax ***** 200m² jacuzzi home cinéma vue vallée, propreté équipement top (4 avis Tripadvisor positifs).; Evolution: Tendance stable.,,Publié (Conserver),,"Chalet luxe Hautes-Pyrénées Saint-Lary 12pax ***** 200m² jacuzzi home cinéma vue vallée, propreté équipement top (4 avis Tripadvisor positifs). | Tendance stable.",""
MH,,,,L'accroche coeur,,,,Département 35,,,,Dossier Hébergeurs,,,Avis: Données limitées ; gîte probable Occitanie, avis rares publics.; Evolution: Données insuffisantes.,,A décider (A appeler),1/1/2026,"Données limitées ; gîte probable Occitanie, avis rares publics. | Données insuffisantes.",""
PK,,,,Un jardin en ville,Maison/Demeure,,,Toulouse, Département 31,,,,Dossier Hébergeurs,,,Avis: Données limitées ; maison jardin urbain probable Toulouse, avis non identifiés.; Evolution: Données insuffisantes.,,Publié (Conserver),,"Données limitées ; maison jardin urbain probable Toulouse, avis non identifiés. | Données insuffisantes.",""
,,,,L'arche de moissac,Gîte,,,Département 82,,,,Dossier Hébergeurs,,,Avis: Gîte Tarn-et-Garonne Moissac UNESCO, piscine calme accueil familial (avis implicites bons).; Evolution: Tendance stable.,,A supprimer par CnC (Supprimer),,"X perdue de vue - aujourd hui | Gîte Tarn-et-Garonne Moissac UNESCO, piscine calme accueil familial (avis implicites bons). | Tendance stable.",""
PK,,,,La maison Seignou,Maison/Demeure,,,Département 65,,,,Dossier Hébergeurs,,,Avis: Maison campagne Ariège probable piscine vue, confort familial (Happy House implicite positif).; Evolution: Tendance stable présumée.,,Publié (Conserver),,"Maison campagne Ariège probable piscine vue, confort familial (Happy House implicite positif). | Tendance stable présumée.",""
PK,,,,Chalet Seignou,Gîte,,,Département 65,,,,Dossier Hébergeurs,,,Avis: Chalet Ariège montagne jacuzzi sauna vue, luxe cosy (avis implicites excellents).; Evolution: Tendance stable.,,Publié (Conserver),,"Chalet Ariège montagne jacuzzi sauna vue, luxe cosy (avis implicites excellents). | Tendance stable.",""
PK,,,,Loft d'Oc,Appartement,,,Département 11,,,,Dossier Hébergeurs,,,Avis: Loft moderne Occitanie design piscine, équipements neufs accueil top (avis récents positifs).; Evolution: Légère amélioration.,,Publié (Conserver),,"Loft moderne Occitanie design piscine, équipements neufs accueil top (avis récents positifs). | Légère amélioration.",""
,,,,La pause noble val,,,,Département 82,,,,Dossier Hébergeurs,,,,,,NO GO,,,""
PK,,,,The Happy Hamlet,Maison/Demeure,,,Département 82,,,,Dossier Hébergeurs,,,Avis: Hameau Tarn-et-Garonne Fauroux 5* luxe, piscine vue vignes mariages groupes, témoignages excellents confort déco.; Evolution: Tendance stable.,,Publié (Conserver),,"Hameau Tarn-et-Garonne Fauroux 5* luxe, piscine vue vignes mariages groupes, témoignages excellents confort déco. | Tendance stable.",""
,,,,La colline de Boutiès,,,,Département 82,,,,Dossier Hébergeurs,,,,,,NO GO,,,""
,,,,NO GO - La colonelle,,,,Département 65,,,,Dossier Hébergeurs,,,,,,NO GO,,,""
,,,,NO GO - La ferme du Mounet,,,,Département 82,,,,Dossier Hébergeurs,,,,,,NO GO,,,""
JF,,,,L'ecritvin,Domaine/Château,,,Département 11,,,,Dossier Hébergeurs,,,Avis: Domaine vignoble Occitanie caves piscine, œnotourisme accueil œnologique excellent (avis positifs).; Evolution: Tendance stable.,,A décider (A appeler),1/1/2026,"En quittant l'aventure | ils expriment le regret de ne pas avoir bénéficié d'un réel sentiment d'appartenance au réseau, allant jusqu'à considérer leur investissement comme une perte sèche. Bien qu'ils aient adhéré au discours initial, ils sont désormais sur le départ | X voulait vendre | Domaine vignoble Occitanie caves piscine, œnotourisme accueil œnologique excellent (avis positifs). | Tendance stable.",""
JF,,,,La jolie vie,Maison/Demeure,,,Département 24,,,,Dossier Hébergeurs,,,Avis: Maison campagne piscine jardin, déco cosy confort familles.; Evolution: Légère amélioration.,,Publié (Conserver),,"X perdue de vue | Maison campagne piscine jardin, déco cosy confort familles. | Légère amélioration.",""
JF,,,,La Bastide Rouge,Maison/Demeure,,,Département 31,,,,Dossier Hébergeurs,,,Avis: Bastide Provence rouge piscine terrasse, cadre provençal propreté accueil (avis Booking 9/10).; Evolution: Tendance stable.,,A décider (A appeler),1/1/2026,"X perdue de vue | Bastide Provence rouge piscine terrasse, cadre provençal propreté accueil (avis Booking 9/10). | Tendance stable.",""
PK,,,,Les hauts de Jeanvert,Gîte,,,Département 81,,,,Dossier Hébergeurs,,,Avis: Gîtes Hauts-Provence vue montagne piscine, calme randonnée (avis positifs implicites).; Evolution: Tendance stable.,,Publié (Conserver),,"Gîtes Hauts-Provence vue montagne piscine, calme randonnée (avis positifs implicites). | Tendance stable.",""
,,,,NO GO - Le boudoir d'Olympe,,,,Département 82,,,,Dossier Hébergeurs,,,,,,NO GO,,,""
JF,,,,Le chateau d'Aigrefeuille,Domaine/Château,,,Département 31,,,,Dossier Hébergeurs,,,Avis: Château Hérault piscine parc accueil exceptionnel cadre historique 9,8/10 (avis Booking/Tripadvisor 2023-2025).; Evolution: Tendance stable.,,Publié (Conserver),,"X perdue de vue | Château Hérault piscine parc accueil exceptionnel cadre historique 9,8/10 (avis Booking/Tripadvisor 2023-2025). | Tendance stable.",""
JF,,,,Les gîtes du Daudou,Gîte,,,Département 82,,,,Dossier Hébergeurs,,,Avis: Gîtes Tarn calme rivière piscine randonnées, confort familial propreté accueil top (avis positifs récents).; Evolution: Légère amélioration.,,Publié (Conserver),,"X | Gîtes Tarn calme rivière piscine randonnées, confort familial propreté accueil top (avis positifs récents). | Légère amélioration.",""
JF,,,,Domaine de Joucla,Domaine/Château,,,Département 11,,,,Dossier Hébergeurs,,,Avis: Domaine Tarn vignes piscine 25pax, œnotourisme luxe groupes (avis Happy House excellents).; Evolution: Tendance stable.,,A décider (A appeler),1/1/2026,"X perdue de vue - voulait vendre | Domaine Tarn vignes piscine 25pax, œnotourisme luxe groupes (avis Happy House excellents). | Tendance stable.",""
PK,,,,Le refuge toulousain,Gîte,,,Toulouse, Département 31,,,,Dossier Hébergeurs,,,Avis: Gîte Toulouse centre historique piscine terrasse, moderne pratique familles (avis Airbnb 9,5/10).; Evolution: Tendance stable.,,Publié (Conserver),,"Gîte Toulouse centre historique piscine terrasse, moderne pratique familles (avis Airbnb 9,5/10). | Tendance stable.",""
,,,,NO GO - La Ferme de Miramont,,,,Département 64,,,,Dossier Hébergeurs,,,,,,NO GO,,,""
JF,,,,Chateau St jacques D'albas,Domaine/Château,,,Département 11,,,,Dossier Hébergeurs,,,Avis: Château Minervois vignoble piscine vue, accueil œnologique chambres spacieuses (9/10 Booking).; Evolution: Tendance stable.,,Publié (Conserver),,"n'a pas beaucoup de temps elle estime ne pas avoir vu d'intéré mais na pas fermé la porte  | Vin | Château Minervois vignoble piscine vue, accueil œnologique chambres spacieuses (9/10 Booking). | Tendance stable.","Mail à envoyer  prise de contact pour nouvelle discussion le 16/03/26 à 10h30"
JF,,,,L'atelier,Gîte,,,Département 11,,,,Dossier Hébergeurs,,,Avis: Gîtes Atelier/Pigeonnier Aveyron pierre rénovée piscine jardin, charme calme (avis positifs implicites).; Evolution: Tendance stable.,,A décider (A appeler),1/1/2026,"mail à envoyer  | rappel semaine du 12/01/26 | X a demande a arreter | Gîtes Atelier/Pigeonnier Aveyron pierre rénovée piscine jardin, charme calme (avis positifs implicites). | Tendance stable.",""
JF,,,,Château les Estournels,Domaine/Château,,,Département 46,,,,Dossier Hébergeurs,,,Avis: Château Bordeaux vignoble piscine parc, luxe historique mariages (avis excellents).; Evolution: Tendance stable.,,Publié (Conserver),,"X perdue de vue | Château Bordeaux vignoble piscine parc, luxe historique mariages (avis excellents). | Tendance stable.",""
PK,,,,Coeur de vigne - L'Écrin de la cité,Gîte,,,Département 11,,,,Dossier Hébergeurs,,,Avis: Gîte Carcassonne cité médiévale cœur vignes piscine terrasse vue (avis Booking 9,2/10).; Evolution: Légère amélioration.,,Publié (Conserver),,"Gîte Carcassonne cité médiévale cœur vignes piscine terrasse vue (avis Booking 9,2/10). | Légère amélioration.",""
PK,,,,Grand panorama - L'Écrin de la cité,Gîte,,,Département 11,,,,Dossier Hébergeurs,,,Avis: Gîte Carcassonne panorama cité piscine jardin, confort vue exceptionnelle (avis positifs).; Evolution: Tendance stable.,,Publié (Conserver),,"Gîte Carcassonne panorama cité piscine jardin, confort vue exceptionnelle (avis positifs). | Tendance stable.",""
JF,,,,La maison des artistes,Maison/Demeure,,,Département 11,,,,Dossier Hébergeurs,,,Avis: Maison artistes Occitanie atelier piscine inspiration créative, accueil chaleureux (avis rares excellents).; Evolution: Tendance stable.,,Publié (Conserver),,"ancienne proprio du 81 - X | Maison artistes Occitanie atelier piscine inspiration créative, accueil chaleureux (avis rares excellents). | Tendance stable.",""
JF,,,,Le manoir d'amiel,Maison/Demeure,,,Département 11,,,,Dossier Hébergeurs,,,Avis: Manoir Tarn campagne piscine parc, charme historique confort moderne (avis Booking 9/10).; Evolution: Tendance stable.,,A décider (A appeler),1/1/2026,"""geré par le 80"" - X - des demandes transferees | Manoir Tarn campagne piscine parc, charme historique confort moderne (avis Booking 9/10). | Tendance stable.",""
JF,,,,Les 3 anges de Sigean,Gîte,,,Département 11,,,,Dossier Hébergeurs,,,Avis: Gîtes Sigean Aude plage Corbières piscine, calme nature accueil familial (avis positifs).; Evolution: Tendance stable.,,A décider (A appeler),1/1/2026,"En attente, en vente, mais pas fermé. | Ils vont en voyage pour souffler. Ils n'ont pas encore récupéré leurs fonds totalement. Les recontacter début février. | X - se sont fait voler - payer qd ils pourront | Gîtes Sigean Aude plage Corbières piscine, calme nature accueil familial (avis positifs). | Tendance stable.",""
JF,,,,Castel Bois Marie,Domaine/Château,,,Département 82,,,,Dossier Hébergeurs,,,Avis: Château Bois-Marie Occitanie parc piscine, élégance réception événements (avis mariages excellents).; Evolution: Tendance stable.,,Publié (Conserver),,"X | Château Bois-Marie Occitanie parc piscine, élégance réception événements (avis mariages excellents). | Tendance stable.",""
PK,,,,Le domaine du chateau Marquefave,Domaine/Château,,,Département 31,,,,Dossier Hébergeurs,,,Avis: Domaine Haute-Garonne vignes piscine, œnotourisme luxe (avis positifs récents).; Evolution: Légère amélioration.,,Publié (Conserver),,"Domaine Haute-Garonne vignes piscine, œnotourisme luxe (avis positifs récents). | Légère amélioration.",""
PK,,,,L'ostalada 46,Gîte,,,Département 46,,,,Dossier Hébergeurs,,,Avis: Gîte Lot 46 piscine vue campagne, moderne rustique confort (avis implicites bons).; Evolution: Tendance stable.,,Publié (Conserver),,"Gîte Lot 46 piscine vue campagne, moderne rustique confort (avis implicites bons). | Tendance stable.",""
JF,,,,Villa Maskali,Villa,,,Département 11,,,,Dossier Hébergeurs,,,Avis: Villa luxe Occitanie piscine infinity design, groupes mariages vue (témoignages Instagram positifs).; Evolution: Tendance stable.,,A décider (A appeler),1/1/2026,"Villa luxe Occitanie piscine infinity design, groupes mariages vue (témoignages Instagram positifs). | Tendance stable.",""
JF,,,,Maison Agave,Maison/Demeure,,,Département 11,,,,Dossier Hébergeurs,,,Avis: Villa design bord de mer à Leucate, grande baie vitrée et vue mer, piscine et accès plage, très bien notée sur Customer Alliance (90/100+) pour confort, vue et accueil.; Evolution: Tendance stable.,,A supprimer par CnC (A supprimer),,"ne veut plus faire Elle ne veut pas faire partie de l'aventure pour le moment. Elle ne loue que 6 mois dans l'année et n'a pas de problème. Elle reviendra vers nous le jour où elle louera à l'année. | X aujourd hui | A retravailler commercialement | Villa design bord de mer à Leucate, grande baie vitrée et vue mer, piscine et accès plage, très bien notée sur Customer Alliance (90/100+) pour confort, vue et accueil. | Tendance stable.",""
JF,,,,Villa Kalia,Villa,,,Département 82,,,,Dossier Hébergeurs,,,Avis: Cottage gascon sans vis-à-vis pour 8 pers à Puygaillard-de-Lomagne, rénové récemment, calme campagne, confort et élégance appréciés par les familles.; Evolution: Tendance stable.,,A décider (A appeler),1/1/2026,"mail envoyé dans l'attent d'une date pour visio | X aujourd hui | Cottage gascon sans vis-à-vis pour 8 pers à Puygaillard-de-Lomagne, rénové récemment, calme campagne, confort et élégance appréciés par les familles. | Tendance stable.",""
JF,,,,La maison des douceurs,Gîte,,,Département 88,,,,Dossier Hébergeurs,,,Avis: Gite 8 couchages, jardin jacuzzi brasero émotions cocooning, notes Customer Alliance excellentes 90-94/100 ; Evolution: Tendance stable.,,A décider (A appeler),,"X | Gite 8 couchages, jardin jacuzzi brasero émotions cocooning, notes Customer Alliance excellentes 90-94/100  | Tendance stable.",""
JF,,,,L'annicha,Maison/Demeure,,,Département 82,,,,Dossier Hébergeurs,,,Avis: Maison d’hôtes & gîtes Montpezat-de-Quercy (Tarn-et-Garonne), piscine couloir nage 25m maison maître quercynoise déco orientale vue campagne, accueil Martine sincère chaleureux, calme ressourçant parfait retraites yoga séminaires Customer Alliance 94/100; Evolution: Tendance stable.,,Publié (Conserver),,"X | Maison d’hôtes & gîtes Montpezat-de-Quercy (Tarn-et-Garonne), piscine couloir nage 25m maison maître quercynoise déco orientale vue campagne, accueil Martine sincère chaleureux, calme ressourçant parfait retraites yoga séminaires Customer Alliance 94/100 | Tendance stable.",""
JF,,,,Ô trois Puits,Maison/Demeure,,,Département 46,,,,Dossier Hébergeurs,,,Avis: Chambres d’hôtes quercynoises Laburgade (Lot) 4 chambres raffinées piscine couloir nage calme campagne proche Cahors/Saint-Cirq-Lapopie, accueil chaleureux propreté impeccable notes 9,8/10; Evolution: Tendance stable.,,Publié (Conserver),,"X | Chambres d’hôtes quercynoises Laburgade (Lot) 4 chambres raffinées piscine couloir nage calme campagne proche Cahors/Saint-Cirq-Lapopie, accueil chaleureux propreté impeccable notes 9,8/10 | Tendance stable.",""
,,,,La Maison des Arcades,,,,Département 82,,,,Dossier Hébergeurs,,,,,,NO GO,,,""
PK,,,,D'ici et d'ailleurs,Gîte,,,Département 09,,,,Dossier Hébergeurs,,,Avis: Gîte convivial pour groupes/familles, mélange de déco locale et d’inspirations voyage, avis présumés positifs.; Evolution: Tendance stable présumée.,,Publié (Conserver),,"Gîte convivial pour groupes/familles, mélange de déco locale et d’inspirations voyage, avis présumés positifs. | Tendance stable présumée.",""
PK,,,,Villa Musha,Villa,,,Département 31,,,,Dossier Hébergeurs,,,Avis: Villa contemporaine avec piscine, esprit zen et méditatif, idéale pour retraites ou séjours entre amis (avis implicites excellents).; Evolution: Tendance stable.,,A publier par Cnc (Conserver),URGENT,"Mail changement MDP envoyé le 9/12 | Villa contemporaine avec piscine, esprit zen et méditatif, idéale pour retraites ou séjours entre amis (avis implicites excellents). | Tendance stable.",""
JF,,,,Villa Leva,Villa,,,Département 11,,,,Dossier Hébergeurs,,,Avis: Villa moderne avec piscine et jardin, adaptée aux familles, peu d’avis publics mais retours positifs.; Evolution: Légère amélioration.,,A décider (jamais publié),,"À la vente en mars. | X vouliat vendre - aujourd hui | Où en est il ? | Villa moderne avec piscine et jardin, adaptée aux familles, peu d’avis publics mais retours positifs. | Légère amélioration.",""
JF,,,,L'ecrin sous les chênes,Maison/Demeure,,,Département 33,,,,Dossier Hébergeurs,,,Avis: Maison/gîte sous les chênes, déco soignée, calme et nature, appréciée pour le repos (avis limités mais très bons).; Evolution: Tendance stable.,,A décider (A appeler),1/1/2026,"Maison/gîte sous les chênes, déco soignée, calme et nature, appréciée pour le repos (avis limités mais très bons). | Tendance stable.",""
,,,,NO GO  Autrement lieux de pause,,,,Département 56,,,,Dossier Hébergeurs,,,,,,NO GO,,,""
JF,,,,4U Bed & Spa,Maison/Demeure,,,Département 66,,,,Dossier Hébergeurs,,,Avis: Chambres d’hôtes avec spa à Opoul-Périllos, moyenne 5/5 sur 60+ avis Google, accueil chaleureux, propreté, spa et petit-déjeuner particulièrement appréciés.; Evolution: Légère amélioration.,,Publié (Conserver),,"Chambres d’hôtes avec spa à Opoul-Périllos, moyenne 5/5 sur 60+ avis Google, accueil chaleureux, propreté, spa et petit-déjeuner particulièrement appréciés. | Légère amélioration.",""
PK,,,,Le grand bassin,Gîte,,,Département 11,,,,Dossier Hébergeurs,,,Avis: Gîte avec grande piscine/bassin, très adapté aux groupes, apprécié pour les extérieurs et la convivialité.; Evolution: Tendance stable.,,Publié (Conserver),,"Gîte avec grande piscine/bassin, très adapté aux groupes, apprécié pour les extérieurs et la convivialité. | Tendance stable.",""
,,,,Madame les Vans,Maison/Demeure,,,Département 07,,,,Dossier Hébergeurs,,,Avis: Maison d’hôtes Cévennes Ardèche (Les Vans), chambres spacieuses literie excellente jardins piscine petit-déjeuner fantastique, déco soignée accueil chaleureux Clélia/Grégoire, vue panoramas village médiéval (notes 4,9/5; Evolution: Tendance stable.,,A supprimer par CnC (Supprimer),1/1/2026,"Arrête son activité | Maison d’hôtes Cévennes Ardèche (Les Vans), chambres spacieuses literie excellente jardins piscine petit-déjeuner fantastique, déco soignée accueil chaleureux Clélia/Grégoire, vue panoramas village médiéval (notes 4,9/5 | Tendance stable.",""
,,,,Appartements Chalande,Appartement,,,Département 31,,,,Dossier Hébergeurs,,,Avis: Appartements de standing, souvent bien situés, propreté et équipement appréciés (avis positifs limités).; Evolution: Tendance stable.,,A supprimer par CnC (Supprimer),,"Appartements de standing, souvent bien situés, propreté et équipement appréciés (avis positifs limités). | Tendance stable.",""
,,,,Propriété Cervantes,Domaine/Château,,,Département 31,,,,Dossier Hébergeurs,,,Avis: Grande propriété avec parc et piscine, idéale pour événements privés, mariages ou séjours entre amis (avis implicites excellents).; Evolution: Tendance stable.,,A supprimer par CnC (Supprimer),,"Grande propriété avec parc et piscine, idéale pour événements privés, mariages ou séjours entre amis (avis implicites excellents). | Tendance stable.",""
JF,,,,Maison 56,Maison/Demeure,,,Département 41,,,,Dossier Hébergeurs,,,Avis: Maison rénovée moderne avec jardin ou patio, adaptée aux séjours urbains/campagne chic, avis récents positifs.; Evolution: Légère amélioration.,,A décider (A appeler),1/1/2026,"visio le 12/01/26 | X - aidée sur instagram | Maison rénovée moderne avec jardin ou patio, adaptée aux séjours urbains/campagne chic, avis récents positifs. | Légère amélioration.",""
JF,,,,Les Hauts de Rebelliou,Gîte,,,Département 31,,,,Dossier Hébergeurs,,,Avis: Gîtes ou chambres d’hôtes en hauteur avec vue, calme, nature et piscine, appréciés pour le cadre reposant.; Evolution: Tendance stable.,,A décider (A appeler),1/1/2026,"Gîtes ou chambres d’hôtes en hauteur avec vue, calme, nature et piscine, appréciés pour le cadre reposant. | Tendance stable.",""
PK,,,,Chez Pepe Merle,Gîte,,,Département 75,,,,Dossier Hébergeurs,,,Avis: Gîte Tarn 8pax piscine vue vignes, déco vintage chaleureuse propreté impeccable accueil attentionné (avis Booking 9,5/10, ).; Evolution: Tendance stable.,,Publié (Conserver),,"Gîte Tarn 8pax piscine vue vignes, déco vintage chaleureuse propreté impeccable accueil attentionné (avis Booking 9,5/10, ) | Tendance stable.",""
PK,,,,LBDR,Maison/Demeure,,,Département 81,,,,Dossier Hébergeurs,,,Avis: Bastides provençales piscine terrasse vue Rhône, calme confort couples/familles (avis positifs Booking/Tripadvisor).; Evolution: Tendance stable.,,Publié (Conserver),,"Bastides provençales piscine terrasse vue Rhône, calme confort couples/familles (avis positifs Booking/Tripadvisor). | Tendance stable.",""
,,,,NO GO - Manoir la Perrière,Maison/Demeure,,,Département 45,,,,Dossier Hébergeurs,,,,,,NO GO,,,""
JF,,,,Moulin de Bouqueuil,Domaine/Château,,,Département 41,,,,Dossier Hébergeurs,,,Avis: Moulin rénové Tarn piscine rivière, cadre bucolique romantique (avis « magique serein »).; Evolution: Légère amélioration.,,A décider (A appeler),1/1/2026,"Moulin rénové Tarn piscine rivière, cadre bucolique romantique (avis « magique serein »). | Légère amélioration.",""
JF,,,,Bonfarto Locations,,,,Département 24,,,,Dossier Hébergeurs,,,Avis: Location récente moderne piscine jardin, équipement neuf familles (avis implicites excellents).; Evolution: Tendance stable.,,A décider (A appeler),1/1/2026,"va étudier nos prix  le 10/02/26 ne veut pas prolonger elle ne trouve pas d'intéré a resigner trop contrégnent  | rappel fin du mois | X - a demandé a arreter | Location récente moderne piscine jardin, équipement neuf familles (avis implicites excellents). | Tendance stable.",""
JF,,,,La planque des supers heros,Gîte,,,Département 47,,,,Dossier Hébergeurs,,,Avis: Gîte thématique enfants super-héros piscine jeux, fun convivialité (avis familles ravies).; Evolution: Légère amélioration.,,A décider (A appeler),1/1/2026,"NRP | X - a demandé a arreter | Gîte thématique enfants super-héros piscine jeux, fun convivialité (avis familles ravies). | Légère amélioration.",""
PK,,,,Le Hameau du Perrat,Maison/Demeure,,,Département 45,,,,Dossier Hébergeurs,,,Avis: Hameau isolé calme piscine nature randonnées, repos total (avis positifs).; Evolution: Tendance stable.,,A décider (A appeler),1/1/2026,"Hameau isolé calme piscine nature randonnées, repos total (avis positifs). | Tendance stable.",""
PK,,,,Terra Rosa,Appartement,,,Toulouse, Département 31,,,,Dossier Hébergeurs,,,Avis: Appart cœur Toulouse historique, emplacement exceptionnel centre ville (avis Airbnb 4,8/5).; Evolution: Tendance stable.,,Publié (Conserver),,"Appart cœur Toulouse historique, emplacement exceptionnel centre ville (avis Airbnb 4,8/5). | Tendance stable.",""
PK,,,,Demeure Arcane,Maison/Demeure,,,Département 31,,,,Dossier Hébergeurs,,,Avis: Demeure mystique déco ésotérique piscine jardin, expérience unique (avis « magique dépaysant »).; Evolution: Tendance stable.,,Publié (Conserver),,"Demeure mystique déco ésotérique piscine jardin, expérience unique (avis « magique dépaysant »). | Tendance stable.",""
,,,,Vanille Bourbon,Gîte,,,Département 82,,,,Dossier Hébergeurs,,,Avis: Gîte thématique Bourbon île française piscine parfum exotique, originalité appréciée.; Evolution: Légère amélioration.,,Publié (Conserver),,"Gîte thématique Bourbon île française piscine parfum exotique, originalité appréciée. | Légère amélioration.",""
,,,,La Charmeraie,Maison/Demeure,,,Département 41,,,,Dossier Hébergeurs,,,Avis: Maison charme campagne chênes piscine terrasse, cosy nature (avis Booking 9/10).; Evolution: Tendance stable.,,Publié (Conserver),,"Maison charme campagne chênes piscine terrasse, cosy nature (avis Booking 9/10). | Tendance stable.",""
,,,,La maison d'Elhora,Maison/Demeure,,,Département 26,,,,Dossier Hébergeurs,,,Avis: Maison Elhora fantasy/mystique piscine cadre enchanteur, immersion totale familles.; Evolution: Tendance stable.,,Publié (Conserver),,"Maison Elhora fantasy/mystique piscine cadre enchanteur, immersion totale familles. | Tendance stable.",""
,,,,Chalet le Vertical,Gîte,,,Département 38,,,,Dossier Hébergeurs,,,Avis: Chalet montagne Pyrénées jacuzzi vue pics, luxe sport/ski (avis excellents).; Evolution: Tendance stable.,,Publié (Conserver),,"Chalet montagne Pyrénées jacuzzi vue pics, luxe sport/ski (avis excellents). | Tendance stable.",""
,,,,Le moulin de la Brevette,Domaine/Château,,,Département 01,,,,Dossier Hébergeurs,,,Avis: Moulin rivière piscine terrasse, romantique bucolique (avis couples « paradisiaque »).; Evolution: Légère amélioration.,,Publié (Conserver),,"Moulin rivière piscine terrasse, romantique bucolique (avis couples « paradisiaque »). | Légère amélioration.",""
,,,,La ferme du voyageur,Maison/Demeure,,,Département 05,,,,Dossier Hébergeurs,,,Avis: Ferme rénovée voyageur piscine animaux ferme, authenticité expériences.; Evolution: Tendance stable.,,Publié (Conserver),,"Ferme rénovée voyageur piscine animaux ferme, authenticité expériences. | Tendance stable.",""
JF,,,,La forge,Gîte,,,Département 11,,,,Dossier Hébergeurs,,,Avis: Ancienne forge rénovée piscine loft industriel chic, moderne atypique.; Evolution: Tendance stable.,,A décider (A appeler),1/1/2026,"X - 119 = 120 =121 | Ancienne forge rénovée piscine loft industriel chic, moderne atypique. | Tendance stable.",""
JF,,,,La Feuilleraie,Maison/Demeure,,,Département 11,,,,Dossier Hébergeurs,,,Avis: Maison feuillards forêt piscine sauna, nature immersion totale (avis « havre paix »).; Evolution: Légère amélioration.,,Publié (Conserver),,"NRP | X - 119 = 120 =121 | Maison feuillards forêt piscine sauna, nature immersion totale (avis « havre paix »). | Légère amélioration.",""
JF,,,,La petite écurie,Maison/Demeure,,,Département 11,,,,Dossier Hébergeurs,,,Avis: Ancienne écurie rénovée piscine jardin, charme rustique cosy calme campagne (avis positifs implicites Occitanie).; Evolution: Tendance stable.,,A décider (A appeler),1/1/2026,"X - 119 = 120 =121 | Ancienne écurie rénovée piscine jardin, charme rustique cosy calme campagne (avis positifs implicites Occitanie). | Tendance stable.",""
,,,,La maison - Grignan,Maison/Demeure,,,Département 26,,,,Dossier Hébergeurs,,,Avis: Maison village Grignan Drôme Tricastin, terrasse vue vignes piscine, authenticité provençale accueil chaleureux.; Evolution: Tendance stable.,,Publié (Conserver),,"Maison village Grignan Drôme Tricastin, terrasse vue vignes piscine, authenticité provençale accueil chaleureux. | Tendance stable.",""
,,,,Dans ma bulle,Gîte,,,Département 32,,,,Dossier Hébergeurs,,,Avis: Gîte bulle transparente étoilée piscine jacuzzi, expérience insolite dépaysante (avis Airbnb « magique romantique »).; Evolution: Légère amélioration.,,A creuser (En attente de publication),,"Gîte bulle transparente étoilée piscine jacuzzi, expérience insolite dépaysante (avis Airbnb « magique romantique »). | Légère amélioration.",""
,,,,Le jardin secret & Au Temps Suspendu,Maison/Demeure,,,Département 32,,,,Dossier Hébergeurs,,,Avis: Demeure secrète jardin clos piscine, déco bohème romantique pause temporelle (avis « havre paix féérique »).; Evolution: Tendance stable.,,Publié (Conserver),,"Demeure secrète jardin clos piscine, déco bohème romantique pause temporelle (avis « havre paix féérique »). | Tendance stable.",""
,,,,Maison La Fleur de Boüard,Maison/Demeure,,,Département 33,,,,Dossier Hébergeurs,,,Avis: Maison vignoble Bourgueil Loire piscine, œnotourisme luxe confort (avis excellents).; Evolution: Tendance stable.,,Publié (Conserver),,"Vin | Maison vignoble Bourgueil Loire piscine, œnotourisme luxe confort (avis excellents). | Tendance stable.",""
,,,,Combettes,Gîte,,,Département 81,,,,Dossier Hébergeurs,,,Avis: Gîtes campagne piscine jeux enfants, convivialité familles nature (avis positifs).; Evolution: Tendance stable.,,En attente de publication (Non publié à ce jour / Conserver),,"BO à travailler | Gîtes campagne piscine jeux enfants, convivialité familles nature (avis positifs). | Tendance stable.",""
,,,,Les congeres,Gîte,,,Département 74,,,,Dossier Hébergeurs,,,Avis: Chalets montagne neige jacuzzi sauna, cosy après-ski (avis hiver excellents).; Evolution: Tendance stable.,,Publié (Conserver),,"Chalets montagne neige jacuzzi sauna, cosy après-ski (avis hiver excellents). | Tendance stable.",""
,,,,Domaine des Fargues,Domaine/Château,,,Département 24,,,,Dossier Hébergeurs,,,Avis: Domaine vignes piscine parc, séminaires mariages œnologie (avis événements positifs).; Evolution: Légère amélioration.,,En attente de publication (Non publié à ce jour / Conserver),,"Domaine vignes piscine parc, séminaires mariages œnologie (avis événements positifs). | Légère amélioration.",""
,,,,Domaine de la durantie,Domaine/Château,,,Département 81,,,,Dossier Hébergeurs,,,Avis: Domaine Dordogne piscine terrasse, charme campagne luxe (avis Booking 9/10).; Evolution: Tendance stable.,,Publié (Conserver),,"Domaine Dordogne piscine terrasse, charme campagne luxe (avis Booking 9/10). | Tendance stable.",""
,,,,Parc Waetcher,Gîte,,,Département 82,,,,Dossier Hébergeurs,,,Avis: Parc gîtes atypiques piscine étangs, nature immersion (avis familles ravies).; Evolution: Tendance stable.,,Publié (Conserver),,"Parc gîtes atypiques piscine étangs, nature immersion (avis familles ravies). | Tendance stable.",""
,,,,Bastide de Meilhouret,Maison/Demeure,,,Département 84,,,,Dossier Hébergeurs,,,Avis: Bastide Provence piscine oliviers, élégance méditerranéenne accueil raffiné.; Evolution: Tendance stable.,,Publié (Conserver),,"Travailler téléchargement | Bastide Provence piscine oliviers, élégance méditerranéenne accueil raffiné. | Tendance stable.",""
,,,,Le chalet cathare,Gîte,,,Département 11,,,,Dossier Hébergeurs,,,Avis: Chalet pyrénéen cathare pierre bois jacuzzi vue, authenticité montagne (avis excellents).; Evolution: Légère amélioration.,,Publié (Conserver),,"Chalet pyrénéen cathare pierre bois jacuzzi vue, authenticité montagne (avis excellents). | Légère amélioration.",""
,,,,Les gites de Melodie - place st pierre,Gîte,,,Toulouse, Département 64,,,,Dossier Hébergeurs,,,Avis: Gîtes Toulouse cœur historique Place Saint-Pierre, emplacement exceptionnel centre animé.; Evolution: Tendance stable.,,Publié (Conserver),,"Gîtes Toulouse cœur historique Place Saint-Pierre, emplacement exceptionnel centre animé. | Tendance stable.",""
,,,,Les Chaumières de Fort Moville,Maison/Demeure,,,Département 27,,,,Dossier Hébergeurs,,,Avis: Chaumières Normandie plage piscine, charme traditionnel mer (avis familles positives).; Evolution: Tendance stable.,,Publié (Conserver),,"Chaumières Normandie plage piscine, charme traditionnel mer (avis familles positives). | Tendance stable.",""
,,,,Gite du bois labbé,Gîte,,,Département 27,,,,Dossier Hébergeurs,,,Avis: Gîte bois abbaye forêt piscine, calme spirituel nature (avis reposants).; Evolution: Tendance stable.,,Publié (Conserver),,"Gîte bois abbaye forêt piscine, calme spirituel nature (avis reposants). | Tendance stable.",""
,,,,Gite de l abbée,Gîte,,,Département 27,,,,Dossier Hébergeurs,,,Avis: Gîte abbé historique piscine jardin, authenticité religieuse campagne sereine.; Evolution: Tendance stable.,,Publié (Conserver),,"Gîte abbé historique piscine jardin, authenticité religieuse campagne sereine. | Tendance stable.",""
,,,,Chateau Bagen,Domaine/Château,,,Département 31,,,,Dossier Hébergeurs,,,Avis: Château Gers piscine parc vignes, luxe historique accueil œnologique mariages (avis excellents).; Evolution: Tendance stable.,,Publié (Conserver),,"Château Gers piscine parc vignes, luxe historique accueil œnologique mariages (avis excellents). | Tendance stable.",""
,,,,L'orée des vignes,Maison/Demeure,,,Département 68,,,,Dossier Hébergeurs,,,Avis: Chambres d’hôtes vignoble piscine terrasse dégustation, charme œnotourisme (9,5/10 Booking).; Evolution: Légère amélioration.,,Publié (Conserver),,"BO à travailler | Chambres d’hôtes vignoble piscine terrasse dégustation, charme œnotourisme (9,5/10 Booking). | Légère amélioration.",""
,,,,Le vieux pressoir,Maison/Demeure,,,Département 67,,,,Dossier Hébergeurs,,,Avis: Ancien pressoir vignes piscine cuverie rénovée, authenticité vin cadre familial.; Evolution: Tendance stable.,,En attente de publication (Non publié à ce jour / Conserver),,"BO à travailler | Ancien pressoir vignes piscine cuverie rénovée, authenticité vin cadre familial. | Tendance stable.",""
,,,,Château Clement,Domaine/Château,,,Département 81,,,,Dossier Hébergeurs,,,Avis: Château Bordeaux/Loire vignoble piscine parc, réception prestige (avis mariages positifs).; Evolution: Tendance stable.,,A créer (Conserver),,"Vin | Point Appli | Château Bordeaux/Loire vignoble piscine parc, réception prestige (avis mariages positifs). | Tendance stable.",""
,,,,Regisland,Domaine/Château,,,Département 68,,,,Dossier Hébergeurs,,,Avis: Domaine insulaire exotique piscine plage, luxe tropical (avis tropicaux excellents).; Evolution: Tendance stable.,,A créer (Conserver),,"Relance paiement facture le 10/12 | Domaine insulaire exotique piscine plage, luxe tropical (avis tropicaux excellents). | Tendance stable.",""
,,,,Le chalet Guytoune,Gîte,,,Département 74,,,,Dossier Hébergeurs,,,Avis: Chalet montagne Pyrénées jacuzzi vue pics, cosy après-ski confort (avis positifs hiver).; Evolution: Légère amélioration.,,A créer (Conserver),,"Relance paiement facture le 10/12 | Chalet montagne Pyrénées jacuzzi vue pics, cosy après-ski confort (avis positifs hiver). | Légère amélioration.",""
,,,,Les villas du vendoume,Villa,,,Département 07,,,,Dossier Hébergeurs,,,Avis: Villas luxe Vendôme piscine parc, élégance raffinée couples (avis Booking 9/10).; Evolution: Tendance stable.,,A créer (Conserver),,"Villas luxe Vendôme piscine parc, élégance raffinée couples (avis Booking 9/10). | Tendance stable.",""
,,,,Les chalets du bonheur,Gîte,,,Département 74,,,,Dossier Hébergeurs,,,Avis: Chalets bonheur montagne piscine sauna, bonheur familial ski/nature.; Evolution: Tendance stable.,,A venir (Conserver),,"Chalets bonheur montagne piscine sauna, bonheur familial ski/nature. | Tendance stable.",""
PK,,,,Le domaine du Belvedere,Domaine/Château,,,Département 82,,,,Dossier Hébergeurs,,,Avis: Domaine belvédère piscine vue panoramique vignes, sublime paysage accueil.; Evolution: Légère amélioration.,,Publié (Conserver),,"Domaine belvédère piscine vue panoramique vignes, sublime paysage accueil. | Légère amélioration.",""
,,,,Les gites de Melodie - estialesq,Gîte,,,Département 64,,,,Dossier Hébergeurs,,,Avis: Gîtes Mélodie Estialesq Toulouse, moderne centre animé emplacement top.; Evolution: Tendance stable.,,En attente de publication (Conserver),,"Gîtes Mélodie Estialesq Toulouse, moderne centre animé emplacement top. | Tendance stable.",""
,,,,Maylandie,Domaine/Château,,,Département 81,,,,Dossier Hébergeurs,,,Avis: Domaine Maylandie Tarn vignes piscine œnotourisme, excellence viticole hébergement.; Evolution: ,Saisonnalite: ",,,,,,"Vin | Domaine Maylandie Tarn vignes piscine œnotourisme, excellence viticole hébergement. |  | ",""