Nom_Etablissement,Telephone,Email,Localisation,Classement,Statut_Appel,Commentaire_Terrain,Site_Web
Duplex Cassiopée,07 28 53 88 78,,62780#Cucq,3 étoiles#Classement officiel des hébergements touristiques,OPPOSITION RGPD,DEMANDE EXPRESS DE RETRAIT (Art. 17 RGPD). Sortir des listes immédiatement.,
Brit Hotel Le Royal,09 00 78 49 31,troyes-royal@brithotel.fr,10000#Troyes,Qualité Tourisme#Qualité Tourisme|3 étoiles#Classement officiel des hébergements touristiques,REFUS ARGUMENTÉ,Frein identifié : Manque de Social Proof et de références locales.,https://troyes-royal.brithotel.fr
Gîte de Curty,04 36 49 95 69,,58160#Imphy,3 étoiles#Classement officiel des hébergements touristiques,OPPOSITION RGPD,DEMANDE EXPRESS DE RETRAIT (Art. 17 RGPD). Sortir des listes immédiatement.,
La maisonnette d'Acheux,07 50 66 73 79,,80210#Acheux-en-Vimeu,3 épis / Confort#Gîtes de France|Gîtes de France#Gîtes de France|3 étoiles#Classement officiel des hébergements touristiques,NRP,Tentative d'appel - Pas de réponse. Relance à planifier.,
Authentique appartement,05 56 61 29 05,,08150#Renwez,3 étoiles#Classement officiel des hébergements touristiques,NRP,Tentative d'appel - Pas de réponse. Relance à planifier.,
Le Potager,07 82 34 95 95,,71120#Baron,Bienvenue à la ferme#Bienvenue à la ferme|3 étoiles#Classement officiel des hébergements touristiques,NRP,Tentative d'appel - Pas de réponse. Relance à planifier.,
Chez Monette,09 72 81 14 46,,24460#Négrondes,3 étoiles#Classement officiel des hébergements touristiques,NRP,Tentative d'appel - Pas de réponse. Relance à planifier.,
La Tour du Stock - chalets grand confort 6 personnes,03 87 03 13 09,tourisme.langatte@wanadoo.fr,57400#Langatte,3 étoiles#Classement officiel des hébergements touristiques|3 Clés#Clévacances,REFUS CATÉGORIQUE,Refus catégorique au barrage. Ne souhaite pas échanger.,https://www.langatte-tourisme.com/fr/hebergement/lodges-insolites
Maison de Campagne à Diénné,02 73 74 42 86,,86410#Dienné,3 étoiles#Classement officiel des hébergements touristiques,REFUS CATÉGORIQUE,Refus catégorique au barrage. Ne souhaite pas échanger.,
Le Tulipier,06 84 80 42 54,tulipier.le@orange.fr,51800#Vienne-le-Château,Hôtel Cosy#Logis|3 étoiles#Classement officiel des hébergements touristiques|Accueil motards#Accueil motards,SUIVI NÉGO,Très bon contact. En attente d'une étude de cas par e-mail.,http://www.letulipier.com
Le Hameau A La Margot - Gîte  Le Chêne,07 08 90 72 45,,24510#Val de Louyre et Caudeau,3 étoiles#Classement officiel des hébergements touristiques,NRP,Tentative d'appel - Pas de réponse. Relance à planifier.,
Hôtel restaurant - le Domaine du Revermont,03 61 70 83 72,contact@domaine-du-revermont.fr,39230#Passenans,Vignobles & Découvertes#Label Vignobles & Découvertes|Qualité Tourisme#Qualité Tourisme|3 étoiles#Classement officiel des hébergements touristiques,REFUS ARGUMENTÉ,Frein identifié : Manque de Social Proof et de références locales.,https://www.domaine-du-revermont.fr
La Bulle Frebermis,09 93 15 21 33,,47300#Villeneuve-sur-Lot,3 étoiles#Classement officiel des hébergements touristiques,NRP,Tentative d'appel - Pas de réponse. Relance à planifier.,
Le logis des hirondelles,06 89 26 07 14,lelogisdeshirondelles80@gmail.com,80230#Pendé,3 épis / Confort#Gîtes de France|Gîtes de France#Gîtes de France,REFUS ARGUMENTÉ,Frein identifié : Manque de Social Proof et de références locales.,https://lelogisdeshirondelles.fr
La Cotonnerie,06 09 67 44 90,ed.devauchelle@gmail.com,02100#Saint-Quentin,3 étoiles#Classement officiel des hébergements touristiques,REFUS ARGUMENTÉ,Frein identifié : Manque de Social Proof et de références locales.,
Ibis Nuits-Saint-Georges - Hôtel-Restaurant,06 34 83 82 30,,21700#Nuits-Saint-Georges,3 étoiles#Classement officiel des hébergements touristiques,NRP,Tentative d'appel - Pas de réponse. Relance à planifier.,https://all.accor.com/ssr/app/accor/rates/5478/index.fr.shtml?dateIn=2022-08-18&nights=1&compositions=2&stayplus=false&snu=false&gclid=Cj0KCQjwidSWBhDdARIsAIoTVb3JUVOWhaG3BuwE69hTo6BmDgdLDYMVPVy6jVAy_ru8zYG3WI0iHBQaAsgREALw_wcB&utm_campaign=5478-FR-cpc-desktop-default-0--localuniversal-15640838545-0-0-1&utm_medium=partenariats&hmGUID=9f1ba0d6-d811-4677-1d3e-29d5b7a5b421&utm_source=Google%20Hotel%20Ads
Le Chouette - Cap Gîtes,07 48 40 04 22,,62142#Bellebrune,3 étoiles#Classement officiel des hébergements touristiques,NRP,Tentative d'appel - Pas de réponse. Relance à planifier.,
Gîte Prunier,09 72 11 26 31,lesgitessurlacolline@gmail.com,47800#Montignac-de-Lauzun,3 étoiles#Classement officiel des hébergements touristiques|Clé Vacances#Clé vacances|3 Clés#Clévacances,REFUS CATÉGORIQUE,Refus catégorique au barrage. Ne souhaite pas échanger.,https://www.lesgitessurlacolline.fr
Les Fougères,03 72 56 16 43,contact@hotel-lesfougeres.fr,40150#Soorts-Hossegor,3 étoiles#Classement officiel des hébergements touristiques|Accueil Vélo#France Vélo Tourisme,REFUS ARGUMENTÉ,Frein identifié : Manque de Social Proof et de références locales.,https://hotel-lesfougeres.fr
Appartement Pernot,06 40 50 64 02,,64600#Anglet,3 étoiles#Classement officiel des hébergements touristiques,NRP,Tentative d'appel - Pas de réponse. Relance à planifier.,
La Fermette du Loup - La Tanière,06 81 42 98 25,,58220#Cessy-les-Bois,3 étoiles#Classement officiel des hébergements touristiques,OPPOSITION RGPD,DEMANDE EXPRESS DE RETRAIT (Art. 17 RGPD). Sortir des listes immédiatement.,
Aux 10 ponts,06 33 50 89 04,aux10ponts@gmail.com,80580#Pont-Remy,3 étoiles#Classement officiel des hébergements touristiques|Accueil Vélo#France Vélo Tourisme,SUIVI NÉGO,Très bon contact. En attente d'une étude de cas par e-mail.,
Hôtel Les Echasses,04 15 48 77 20,,40230#Saubion,4 étoiles#Classement officiel des hébergements touristiques,NRP,Tentative d'appel - Pas de réponse. Relance à planifier.,https://www.ecolodge-lesechasses.com
Gîte de Prymalya - Océan,09 29 51 14 68,,47700#Casteljaloux,3 étoiles#Classement officiel des hébergements touristiques,NRP,Tentative d'appel - Pas de réponse. Relance à planifier.,https://gitedeprymalya.fr
La Box des Oiseaux,04 72 26 66 17,,40380#Gamarde-les-Bains,3 étoiles#Classement officiel des hébergements touristiques,OPPOSITION RGPD,DEMANDE EXPRESS DE RETRAIT (Art. 17 RGPD). Sortir des listes immédiatement.,
La Faïencerie,04 64 09 90 74,gites@domainedescapucins.com,39110#Salins-les-Bains,3 étoiles#Classement officiel des hébergements touristiques,REFUS ARGUMENTÉ,Frein identifié : Manque de Social Proof et de références locales.,http://www.domainedescapucins.com
L'Olivier,03 05 12 92 08,,86400#Lizant,4 étoiles#Classement officiel des hébergements touristiques,NRP,Tentative d'appel - Pas de réponse. Relance à planifier.,https://www.cybevasion.fr/gites-l-olivier-gite-lizant-e93526.html
Maison paisible,02 58 71 20 87,,71410#Sanvignes-les-Mines,3 étoiles#Classement officiel des hébergements touristiques,NRP,Tentative d'appel - Pas de réponse. Relance à planifier.,
Le 104 Feuvrier,04 42 47 12 06,,39100#Dole,3 étoiles#Classement officiel des hébergements touristiques,OPPOSITION RGPD,DEMANDE EXPRESS DE RETRAIT (Art. 17 RGPD). Sortir des listes immédiatement.,
Appartement Maharin,06 40 20 64 02,,64600#Anglet,3 étoiles#Classement officiel des hébergements touristiques,NRP,Tentative d'appel - Pas de réponse. Relance à planifier.,
Maison de campagne,07 96 61 56 33,,33790#Cazaugitat,3 étoiles#Classement officiel des hébergements touristiques,NRP,Tentative d'appel - Pas de réponse. Relance à planifier.,
Hôtel Campanile,05 03 12 14 39,dpo@groupedulouvre.com,47200#Marmande,3 étoiles#Classement officiel des hébergements touristiques,REFUS CATÉGORIQUE,Refus catégorique au barrage. Ne souhaite pas échanger.,http://www.campanile.fr
Hôtel Golf Château de Chailly,09 54 16 58 15,Em@L.zj,21320#Chailly-sur-Armançon,4 étoiles#Classement officiel des hébergements touristiques,REFUS ARGUMENTÉ,Frein identifié : Manque de Social Proof et de références locales.,http://www.chailly.com
Le Pigeonnier de Lauzun,06 70 74 44 19,,47410#Lauzun,3 étoiles#Classement officiel des hébergements touristiques,NRP,Tentative d'appel - Pas de réponse. Relance à planifier.,
Meublé de tourisme Un petit bout de temps,09 36 80 31 80,,87240#Ambazac,3 étoiles#Classement officiel des hébergements touristiques,NRP,Tentative d'appel - Pas de réponse. Relance à planifier.,
Chalets des Chemins Verts - Gîte Manon,06 36 93 92 46,aline-burri@orange.fr,39300#Le Latet,4 étoiles#Classement officiel des hébergements touristiques|Bienvenue à la ferme#Bienvenue à la ferme,SUIVI NÉGO,Très bon contact. En attente d'une étude de cas par e-mail.,https://locationchaletjura.com
Gîtes Les Mésanges n°148 & 149,06 34 20 20 99,,08170#Haybes,Qualité Tourisme#Qualité Tourisme|3 étoiles#Classement officiel des hébergements touristiques,NRP,Tentative d'appel - Pas de réponse. Relance à planifier.,
Gîte de Jouvence,06 55 52 29 86,,79300#Bressuire,3 étoiles#Classement officiel des hébergements touristiques,NRP,Tentative d'appel - Pas de réponse. Relance à planifier.,
Camping Parc des Joumiers,04 49 45 91 06,,89520#Saint-Sauveur-en-Puisaye,3 étoiles#Classement officiel des hébergements touristiques,NRP,Tentative d'appel - Pas de réponse. Relance à planifier.,https://312223.weebnb.com/book/bnb/bnb-1-1
Grand Vouas,06 02 35 51 13,info@lesvouas.nl,58120#Corancy,3 étoiles#Classement officiel des hébergements touristiques,SUIVI NÉGO,Très bon contact. En attente d'une étude de cas par e-mail.,https://lesvouas.nl
Village de gîtes du lac de Madine,03 29 89 32 50,jquery@ananas.min.mjs,55210#Heudicourt-sous-les-Côtes,3 étoiles#Classement officiel des hébergements touristiques,SUIVI NÉGO,Très bon contact. En attente d'une étude de cas par e-mail.,https://lacmadine.com/seminaires-et-reunions-de-famille/gites
Gîte charme,04 98 64 40 72,,67600#Kintzheim,4 épis / Premium#Gîtes de France,NRP,Tentative d'appel - Pas de réponse. Relance à planifier.,
La ruche de Borde Grande - Logette,02 55 36 01 06,,47340#Castella,4 étoiles#Classement officiel des hébergements touristiques,NRP,Tentative d'appel - Pas de réponse. Relance à planifier.,
T3 - 1 à 4 pers. - DEJ308/F,07 04 74 61 14,,40990#Herm,3 étoiles#Classement officiel des hébergements touristiques,NRP,Tentative d'appel - Pas de réponse. Relance à planifier.,
CHEZ POTON,09 89 84 56 79,service@holidu.com,23240#Le Grand-Bourg,3 étoiles#Classement officiel des hébergements touristiques|Gîtes de France#Gîtes de France|2 épis#Gîtes de France,REFUS CATÉGORIQUE,Refus catégorique au barrage. Ne souhaite pas échanger.,https://link.ferienwohnungen.de/2ReqlS
L'appart Calme et Volupté,01 76 18 41 79,,21270#Maxilly-sur-Saône,Accueil Vélo#France Vélo Tourisme|3 étoiles#Classement officiel des hébergements touristiques,NRP,Tentative d'appel - Pas de réponse. Relance à planifier.,
YonShala,06 76 79 34 96,605a7baede844d278b89dc95ae0a9123@sentry-next.wixpress.com,40110#Morcenx-la-Nouvelle,3 étoiles#Classement officiel des hébergements touristiques,REFUS ARGUMENTÉ,Frein identifié : Manque de Social Proof et de références locales.,https://www.yonshala.com/sejours-hebergements
Panorama Secret,02 96 83 38 44,,71300#Mary,3 étoiles#Classement officiel des hébergements touristiques,REFUS ARGUMENTÉ,Frein identifié : Manque de Social Proof et de références locales.,
Domaine de Fonsegré - Gîte La Cachette,01 92 89 36 97,stay@fonsegre.com,58470#Magny-Cours,3 étoiles#Classement officiel des hébergements touristiques,REFUS CATÉGORIQUE,Refus catégorique au barrage. Ne souhaite pas échanger.,https://www.fonsegre.com
Hôtel The Originals Le Savoy,06 37 21 55 52,,14000#Caen,Qualité Tourisme#Qualité Tourisme|3 étoiles#Classement officiel des hébergements touristiques,OPPOSITION RGPD,DEMANDE EXPRESS DE RETRAIT (Art. 17 RGPD). Sortir des listes immédiatement.,https://www.hotel-le-savoy.fr
Hôtel Ibis,09 25 58 63 11,,70000#Vesoul,3 étoiles#Classement officiel des hébergements touristiques,NRP,Tentative d'appel - Pas de réponse. Relance à planifier.,http://www.ibishotel.com
Domaine Canteloup - Gîte Canteloup,07 63 23 95 30,,33670#Madirac,3 étoiles#Classement officiel des hébergements touristiques,OPPOSITION RGPD,DEMANDE EXPRESS DE RETRAIT (Art. 17 RGPD). Sortir des listes immédiatement.,
L'Atelier,07 97 33 38 04,,79100#Sainte-Verge,3 étoiles#Classement officiel des hébergements touristiques,NRP,Tentative d'appel - Pas de réponse. Relance à planifier.,
Gîte Maison Roy,02 05 18 98 15,,25110#Baume-les-Dames,4 étoiles#Classement officiel des hébergements touristiques,NRP,Tentative d'appel - Pas de réponse. Relance à planifier.,
Hôtel L'Ouvrée,03 08 14 67 15,contact@louvree.fr,21420#Savigny-lès-Beaune,4 étoiles#Classement officiel des hébergements touristiques,SUIVI NÉGO,Très bon contact. En attente d'une étude de cas par e-mail.,https://www.louvree.fr
La Chaumière,07 25 70 90 44,contact@lachaumiere-dole.fr,39100#Dole,3 étoiles#Classement officiel des hébergements touristiques,REFUS ARGUMENTÉ,Frein identifié : Manque de Social Proof et de références locales.,http://www.lachaumiere-dole.fr
Le Sauvage Hôtel Restaurant Spa,06 36 48 60 81,,25000#Besançon,4 étoiles#Classement officiel des hébergements touristiques,NRP,Tentative d'appel - Pas de réponse. Relance à planifier.,https://www.lesauvage-besancon.fr
Gîte Belle Landaise,07 21 11 20 50,,33830#Lugos,4 étoiles#Classement officiel des hébergements touristiques,NRP,Tentative d'appel - Pas de réponse. Relance à planifier.,https://www.gitebellelandaise-lugos.fr/bnb/bnb-1-1
Gîte Les Hortensias de la Petite Toscane,02 69 19 28 29,contact@toscanemauriac.fr,33540#Mauriac,3 étoiles#Classement officiel des hébergements touristiques,REFUS CATÉGORIQUE,Refus catégorique au barrage. Ne souhaite pas échanger.,https://gites-la-petite-toscane-mauriac.fr
Le refuge du Cèdre,04 87 60 03 18,,90000#Belfort,4 étoiles#Classement officiel des hébergements touristiques,NRP,Tentative d'appel - Pas de réponse. Relance à planifier.,
Camping Le Moulin Jacquot,05 70 49 82 59,,89460#Deux Rivières,3 étoiles#Classement officiel des hébergements touristiques,NRP,Tentative d'appel - Pas de réponse. Relance à planifier.,
Les Dépendances,03 70 61 55 38,,21120#Courtivron,3 étoiles#Classement officiel des hébergements touristiques,NRP,Tentative d'appel - Pas de réponse. Relance à planifier.,
Les Fiottes,01 88 66 11 17,,90200#Giromagny,3 étoiles#Classement officiel des hébergements touristiques,NRP,Tentative d'appel - Pas de réponse. Relance à planifier.,
Côte et Campagne,06 35 23 28 05,,80120#Vron,3 épis / Confort#Gîtes de France|Gîtes de France#Gîtes de France|3 étoiles#Classement officiel des hébergements touristiques,NRP,Tentative d'appel - Pas de réponse. Relance à planifier.,https://www.grand-gite-baie-somme.fr
Chalet adossé à la forêt,05 73 57 46 42,,25650#Montbenoît,3 étoiles#Classement officiel des hébergements touristiques,REFUS ARGUMENTÉ,Frein identifié : Manque de Social Proof et de références locales.,http://www.gite-hauterive.fr
Le Caudalie,02 35 33 91 52,,33850#Léognan,4 étoiles#Classement officiel des hébergements touristiques,NRP,Tentative d'appel - Pas de réponse. Relance à planifier.,
Le Séchoir du Dropt,09 80 65 24 31,,47800#La Sauvetat-du-Dropt,3 étoiles#Classement officiel des hébergements touristiques,NRP,Tentative d'appel - Pas de réponse. Relance à planifier.,https://www.lesechoirdudropt.fr
Camping des Alouettes,09 92 22 97 45,,87310#Cognac-la-Forêt,3 étoiles#Classement officiel des hébergements touristiques|Valeur#Label,NRP,Tentative d'appel - Pas de réponse. Relance à planifier.,https://www.camping-des-alouettes.com/fr
Gîte du Laika,09 16 64 13 69,,33480#Listrac-Médoc,3 étoiles#Classement officiel des hébergements touristiques,REFUS CATÉGORIQUE,Refus catégorique au barrage. Ne souhaite pas échanger.,
Le Pré Oudot,05 93 52 58 95,,25390#Fournets-Luisans,5 épis / Luxury#Gîtes de France|Esprit parc national#Parcs Nationaux de France|Gîtes de France#Gîtes de France|Accueil motards#Accueil motards,NRP,Tentative d'appel - Pas de réponse. Relance à planifier.,http://www.le-pre-oudot.fr
Camping du Futur,02 51 17 16 13,contact@camping-du-futur.com,86170#Avanton,3 étoiles#Classement officiel des hébergements touristiques,SUIVI NÉGO,Très bon contact. En attente d'une étude de cas par e-mail.,http://www.camping-du-futur.com
STELINA HAUSSMANN,09 56 49 37 94,,47300#Villeneuve-sur-Lot,3 étoiles#Classement officiel des hébergements touristiques,NRP,Tentative d'appel - Pas de réponse. Relance à planifier.,
Meublé de Mme Schalck,01 36 41 58 18,,67250#Ingolsheim,3 étoiles#Classement officiel des hébergements touristiques,NRP,Tentative d'appel - Pas de réponse. Relance à planifier.,
Ibis Centre-Ville,06 04 97 28 78,,25000#Besançon,Accueil Vélo#France Vélo Tourisme|Qualité Tourisme#Qualité Tourisme|3 étoiles#Classement officiel des hébergements touristiques|Accueil motards#Accueil motards,REFUS ARGUMENTÉ,Frein identifié : Manque de Social Proof et de références locales.,https://www.accorhotels.com/fr/hotel-1364-ibis-besancon-centre-ville/index.shtml
La maison du lavoir,05 04 05 62 45,,02250#Tavaux-et-Pontséricourt,3 étoiles#Classement officiel des hébergements touristiques,NRP,Tentative d'appel - Pas de réponse. Relance à planifier.,https://www.leboncoin.fr/ad/locations_saisonnieres/2977364187
Hôtel-Restaurant Le Saint-Cyr,04 91 56 42 90,,71520#Montmelard,Qualité Tourisme#Qualité Tourisme|3 étoiles#Classement officiel des hébergements touristiques|Hôtel Cosy#Logis|Rando Accueil#Rando Accueil,NRP,Tentative d'appel - Pas de réponse. Relance à planifier.,https://www.lesaintcyr.fr
Maison de village,02 91 63 17 36,,47310#Laplume,3 étoiles#Classement officiel des hébergements touristiques,REFUS CATÉGORIQUE,Refus catégorique au barrage. Ne souhaite pas échanger.,
Le Clos de la Pommeraie - Studio,04 09 46 75 32,,62830#Carly,3 étoiles#Classement officiel des hébergements touristiques,NRP,Tentative d'appel - Pas de réponse. Relance à planifier.,
Le Lodge du Clain,07 71 89 95 75,,86000#Poitiers,3 étoiles#Classement officiel des hébergements touristiques,NRP,Tentative d'appel - Pas de réponse. Relance à planifier.,
Hôtel Restaurant La Chapelle Saint Martin,07 60 66 10 76,,87510#Nieul,4 étoiles#Classement officiel des hébergements touristiques,REFUS ARGUMENTÉ,Frein identifié : Manque de Social Proof et de références locales.,https://www.chapellesaintmartin.com/fr
Hôtel Restaurant Campanile,05 12 16 16 59,dpo@groupedulouvre.com,59600#Maubeuge,3 étoiles#Classement officiel des hébergements touristiques,SUIVI NÉGO,Très bon contact. En attente d'une étude de cas par e-mail.,https://www.campanile.com/fr-fr/nos-hotels/france/hauts-de-france/hotels-maubeuge/?sr=NBCAFR&gclsrc=aw.ds&kClkId=220512161659617701&kVsId=210818151814509955&gclid=Cj0KCQjw4PKTBhD8ARIsAHChzRJkiJ3QRa1TUKc-h908oLezD43QCKHXYyu_w-yLC2-2rqlw5HGLS6UaAirJEALw_wcB
La Longère Bordeaux,06 93 02 33 56,longerebordeaux@gmail.com,33360#Cénac,4 étoiles#Classement officiel des hébergements touristiques|Vignobles & Découvertes#Label Vignobles & Découvertes|Gîtes de France#Gîtes de France|3 épis / Confort#Gîtes de France,REFUS ARGUMENTÉ,Frein identifié : Manque de Social Proof et de références locales.,https://longerebordeaux.com
Le Hameau A La Margot - Gîte Le noisetier,07 08 90 72 45,,24510#Val de Louyre et Caudeau,4 étoiles#Classement officiel des hébergements touristiques|Gîtes de France#Gîtes de France|4 épis / Premium#Gîtes de France,OPPOSITION RGPD,DEMANDE EXPRESS DE RETRAIT (Art. 17 RGPD). Sortir des listes immédiatement.,
Appartement au cœur de ville,01 30 96 92 08,,71200#Le Creusot,3 étoiles#Classement officiel des hébergements touristiques,REFUS CATÉGORIQUE,Refus catégorique au barrage. Ne souhaite pas échanger.,
"La Villa des Roses, proche d'Epernay",04 15 53 53 02,,51480#Cormoyeux,Vignobles & Découvertes#Label Vignobles & Découvertes|3 étoiles#Classement officiel des hébergements touristiques,REFUS ARGUMENTÉ,Frein identifié : Manque de Social Proof et de références locales.,http://www.champagne-faniel.fr
Gîte La Parenthèse Andrésienne,03 75 94 65 15,,79380#Saint-André-sur-Sèvre,3 étoiles#Classement officiel des hébergements touristiques,REFUS CATÉGORIQUE,Refus catégorique au barrage. Ne souhaite pas échanger.,
Les beaux Monts,01 31 63 79 32,,39210#Menétru-le-Vignoble,3 étoiles#Classement officiel des hébergements touristiques,NRP,Tentative d'appel - Pas de réponse. Relance à planifier.,
Le Logis,04 93 27 44 75,,86270#Mairé,3 étoiles#Classement officiel des hébergements touristiques,NRP,Tentative d'appel - Pas de réponse. Relance à planifier.,
Hôtel B &amp; B Troyes Magasins d'usine,06 34 70 32 16,bb_4621@hotelbb.com,10150#Lavau,3 étoiles#Classement officiel des hébergements touristiques,REFUS ARGUMENTÉ,Frein identifié : Manque de Social Proof et de références locales.,https://www.hotel-bb.com/fr/hotel/troyes-magasins-usine
La suite Niortaise,03 48 73 02 13,lasuiteniortaise@gmail.com,79260#La Crèche,3 étoiles#Classement officiel des hébergements touristiques|Gîtes de France#Gîtes de France,SUIVI NÉGO,Très bon contact. En attente d'une étude de cas par e-mail.,http://lasuiteniortaise.com
L'annexe de Steph,09 60 80 76 06,,70230#Loulans-Verchamp,4 étoiles#Classement officiel des hébergements touristiques|3 épis / Confort#Gîtes de France|Gîtes de France#Gîtes de France,NRP,Tentative d'appel - Pas de réponse. Relance à planifier.,
Les Caudalies,05 26 80 98 30,contact@lescaudalies.fr,39600#Arbois,Vignobles & Découvertes#Label Vignobles & Découvertes|3 étoiles#Classement officiel des hébergements touristiques,REFUS ARGUMENTÉ,Frein identifié : Manque de Social Proof et de références locales.,https://www.lescaudalies.fr/fr
Le Châtel Bourgeois,03 18 19 64 75,,89380#Appoigny,3 étoiles#Classement officiel des hébergements touristiques,NRP,Tentative d'appel - Pas de réponse. Relance à planifier.,
Le Hameau du Breuil,09 00 77 22 72,,86310#Saint-Savin,5 étoiles#Classement officiel des hébergements touristiques,REFUS ARGUMENTÉ,Frein identifié : Manque de Social Proof et de références locales.,
Kamea Club - La Gironie,09 99 17 54 90,,19500#Turenne,3 étoiles#Classement officiel des hébergements touristiques,REFUS ARGUMENTÉ,Frein identifié : Manque de Social Proof et de références locales.,https://gironie.com
La Stalla de Lagalope,06 65 39 07 58,,47380#Pinel-Hauterive,4 étoiles#Classement officiel des hébergements touristiques,NRP,Tentative d'appel - Pas de réponse. Relance à planifier.,
Troyes Villa climatisée 3 ch 6 pers,05 94 94 77 76,,10120#Saint-André-les-Vergers,4 étoiles#Classement officiel des hébergements touristiques,NRP,Tentative d'appel - Pas de réponse. Relance à planifier.,
Gîte la Vieille Grange : The Barn,02 56 50 65 48,,24410#Saint Privat en Périgord,3 étoiles#Classement officiel des hébergements touristiques,REFUS CATÉGORIQUE,Refus catégorique au barrage. Ne souhaite pas échanger.,https://gitesdelavieillegrange.com
La Tour du Stock - chalets grand confort 8 personnes,03 87 03 13 09,tourisme.langatte@wanadoo.fr,57400#Langatte,Tourisme & Handicap auditif#Marque Tourisme et Handicap|Tourisme & Handicap mental#Marque Tourisme et Handicap|Tourisme & Handicap moteur#Marque Tourisme et Handicap|3 étoiles#Classement officiel des hébergements touristiques|3 Clés#Clévacances,REFUS ARGUMENTÉ,Frein identifié : Manque de Social Proof et de références locales.,https://www.langatte-tourisme.com/fr/hebergement/lodges-insolites
Gîte bonheur,02 93 00 48 54,,67600#Kintzheim,4 épis / Premium#Gîtes de France,NRP,Tentative d'appel - Pas de réponse. Relance à planifier.,
Le lilas de mer,06 17 08 92 61,,80230#Pendé,2 épis#Gîtes de France|Gîtes de France#Gîtes de France|3 étoiles#Classement officiel des hébergements touristiques,REFUS CATÉGORIQUE,Refus catégorique au barrage. Ne souhaite pas échanger.,
Meublé de tourisme - Gîte des Mésanges,06 34 20 20 99,,08170#Haybes,Qualité Tourisme#Qualité Tourisme|3 étoiles#Classement officiel des hébergements touristiques|3 Clés#Clévacances,NRP,Tentative d'appel - Pas de réponse. Relance à planifier.,
Le moulin au bain nordique,06 21 81 74 79,,02860#Colligis-Crandelain,3 étoiles#Classement officiel des hébergements touristiques,NRP,Tentative d'appel - Pas de réponse. Relance à planifier.,
Appartement 8 personnes la louvière,04 68 33 73 42,,88250#La Bresse,Accueil Vélo#France Vélo Tourisme|3 étoiles#Classement officiel des hébergements touristiques,NRP,Tentative d'appel - Pas de réponse. Relance à planifier.,
"Hôtel-Restaurant ""Campanile Reims Murigny""",07 39 63 66 92,dpo@groupedulouvre.com,51100#Reims,3 étoiles#Classement officiel des hébergements touristiques,REFUS CATÉGORIQUE,Refus catégorique au barrage. Ne souhaite pas échanger.,http://www.campanile.com/fr/hotels/campanile-reims-sud-murigny?gclid=CLis7enJ58cCFUL4wgod0SoAOA
Appartement de charme,04 62 16 95 54,,47150#Monflanquin,3 étoiles#Classement officiel des hébergements touristiques,NRP,Tentative d'appel - Pas de réponse. Relance à planifier.,
Location de vacances Douceur et Poésie,02 94 75 30 43,,67110#Reichshoffen,3 étoiles#Classement officiel des hébergements touristiques,OPPOSITION RGPD,DEMANDE EXPRESS DE RETRAIT (Art. 17 RGPD). Sortir des listes immédiatement.,
Retour aux sources n°1,03 98 30 47 32,retourauxsources39.71@hotmail.com,39270#Chambéria,4 étoiles#Classement officiel des hébergements touristiques,REFUS CATÉGORIQUE,Refus catégorique au barrage. Ne souhaite pas échanger.,https://retourauxsources39.wixsite.com/giteretourauxsources
Le Pontet,05 26 05 69 91,,33540#Blasimon,3 étoiles#Classement officiel des hébergements touristiques,NRP,Tentative d'appel - Pas de réponse. Relance à planifier.,
La Maison du Mestrot,02 27 91 03 49,,47310#Estillac,4 étoiles#Classement officiel des hébergements touristiques,NRP,Tentative d'appel - Pas de réponse. Relance à planifier.,
Maison Caillet - Hôtel,06 37 66 08 19,jquery@ananas.min.mjs,76540#Valmont,3 étoiles#Classement officiel des hébergements touristiques,REFUS CATÉGORIQUE,Refus catégorique au barrage. Ne souhaite pas échanger.,https://www.seine-maritime-tourisme.com/offres/maison-caillet-hotel-valmont-fr-5134132
La Pause Limousine,05 64 16 15 64,,87220#Feytiat,4 étoiles#Classement officiel des hébergements touristiques,NRP,Tentative d'appel - Pas de réponse. Relance à planifier.,
Meublé de tourisme Poutres apparentes triplex chez Sophie,06 97 47 98 81,,67370#Berstett,3 étoiles#Classement officiel des hébergements touristiques,NRP,Tentative d'appel - Pas de réponse. Relance à planifier.,
Le Chalet Limousin,06 82 28 25 16,,87250#Folles,3 étoiles#Classement officiel des hébergements touristiques,REFUS ARGUMENTÉ,Frein identifié : Manque de Social Proof et de références locales.,https://lechaletlimousin.fr
Domaine des Granges,02 85 39 31 64,,70230#Cognières,Accueil Vélo#France Vélo Tourisme|3 étoiles#Classement officiel des hébergements touristiques,NRP,Tentative d'appel - Pas de réponse. Relance à planifier.,
Campanile Besançon Ouest Chateaufarine,07 43 03 66 17,besancon.chateaufarine@campanile.fr,25000#Besançon,3 étoiles#Classement officiel des hébergements touristiques,REFUS ARGUMENTÉ,Frein identifié : Manque de Social Proof et de références locales.,https://besancon-ouest-chateaufarine.campanile.com/fr-fr
Hôtel Ibis Beaune Centre,06 81 94 60 63,,21200#Beaune,Accueil Vélo#France Vélo Tourisme|Clef Verte#Clef verte|3 étoiles#Classement officiel des hébergements touristiques,NRP,Tentative d'appel - Pas de réponse. Relance à planifier.,
Sparadis de la Tour,03 46 70 97 97,605a7baede844d278b89dc95ae0a9123@sentry-next.wixpress.com,47340#Hautefage-la-Tour,3 étoiles#Classement officiel des hébergements touristiques,REFUS ARGUMENTÉ,Frein identifié : Manque de Social Proof et de références locales.,https://sparadisdelatour.wixsite.com/home
Le Gîte du Voyageur,07 06 04 70 22,,71620#Damerey,3 étoiles#Classement officiel des hébergements touristiques,NRP,Tentative d'appel - Pas de réponse. Relance à planifier.,https://www.leboncoin.fr/offre/locations_gites/2224156046
Hôtel Restaurant le Belle Vue,03 23 27 76 76,contact@hotel-bellevue-coucy.com,02380#Coucy-le-Château-Auffrique,3 étoiles#Classement officiel des hébergements touristiques,REFUS ARGUMENTÉ,Frein identifié : Manque de Social Proof et de références locales.,https://www.hotel-bellevue-coucy.com
Le Grand Bourgeois,04 70 94 78 49,,89380#Appoigny,3 étoiles#Classement officiel des hébergements touristiques,NRP,Tentative d'appel - Pas de réponse. Relance à planifier.,
La Villa Desvroise,07 28 84 55 38,,62240#Desvres,4 étoiles#Classement officiel des hébergements touristiques,NRP,Tentative d'appel - Pas de réponse. Relance à planifier.,
Gîte Pivoine,07 76 73 79 55,,47300#Pujols,4 étoiles#Classement officiel des hébergements touristiques,OPPOSITION RGPD,DEMANDE EXPRESS DE RETRAIT (Art. 17 RGPD). Sortir des listes immédiatement.,
Appartement - L403PON00,09 87 36 10 00,,39310#Lamoura,3 étoiles#Classement officiel des hébergements touristiques,REFUS ARGUMENTÉ,Frein identifié : Manque de Social Proof et de références locales.,
Domaine Canteloup - Gîte l'Ombrière,01 23 14 75 85,,33670#Madirac,3 étoiles#Classement officiel des hébergements touristiques,NRP,Tentative d'appel - Pas de réponse. Relance à planifier.,
Meublé de tourisme Spacieux et coquet triplex chez Sophie,01 79 69 85 89,,67370#Berstett,3 étoiles#Classement officiel des hébergements touristiques,NRP,Tentative d'appel - Pas de réponse. Relance à planifier.,
L'escapade creusoise,09 68 61 64 92,,23250#Janaillat,3 étoiles#Classement officiel des hébergements touristiques|Accueil Vélo#France Vélo Tourisme,NRP,Tentative d'appel - Pas de réponse. Relance à planifier.,
Les Cannes - Appartement 1 - F3,06 31 92 77 46,,70300#Luxeuil-les-Bains,3 étoiles#Classement officiel des hébergements touristiques,REFUS ARGUMENTÉ,Frein identifié : Manque de Social Proof et de références locales.,
GÏte Le Stadl Vosges,04 09 13 17 91,,88640#Jussarupt,3 étoiles#Classement officiel des hébergements touristiques,REFUS CATÉGORIQUE,Refus catégorique au barrage. Ne souhaite pas échanger.,
L'Oasis,04 95 74 62 49,,47220#Astaffort,3 étoiles#Classement officiel des hébergements touristiques,NRP,Tentative d'appel - Pas de réponse. Relance à planifier.,
Hôtel Ibis Falaise Coeur de Normandie,01 41 55 78 21,,14700#Falaise,Qualité Tourisme#Qualité Tourisme|3 étoiles#Classement officiel des hébergements touristiques|Clef Verte#Clef verte,NRP,Tentative d'appel - Pas de réponse. Relance à planifier.,http://www.ibishotel.com
La Villa de l'Instant Sauvage,06 36 33 26 68,,58230#Dun-les-Places,3 étoiles#Classement officiel des hébergements touristiques,NRP,Tentative d'appel - Pas de réponse. Relance à planifier.,https://www.linstantsauvage.com/fr
Maison la Garenne,07 14 58 12 46,,10140#Unienville,3 étoiles#Classement officiel des hébergements touristiques,REFUS CATÉGORIQUE,Refus catégorique au barrage. Ne souhaite pas échanger.,
La Maison de Jade,01 07 76 91 98,,25720#Beure,3 épis / Confort#Gîtes de France|3 étoiles#Classement officiel des hébergements touristiques|Gîtes de France#Gîtes de France,NRP,Tentative d'appel - Pas de réponse. Relance à planifier.,
Le Chai des Ecluses,05 27 17 55 39,,71510#Saint-Léger-sur-Dheune,4 étoiles#Classement officiel des hébergements touristiques,NRP,Tentative d'appel - Pas de réponse. Relance à planifier.,
Camping Sous-Doriat,02 69 84 58 16,,39300#Monnet-la-Ville,Qualité Tourisme#Qualité Tourisme|3 étoiles#Classement officiel des hébergements touristiques,NRP,Tentative d'appel - Pas de réponse. Relance à planifier.,http://www.camping-sous-doriat.com
Le Rachet 1820,06 31 92 60 16,,40290#Habas,3 étoiles#Classement officiel des hébergements touristiques,NRP,Tentative d'appel - Pas de réponse. Relance à planifier.,
Appartement aux Portes de Saurupt,04 35 46 98 03,,54000#Nancy,3 étoiles#Classement officiel des hébergements touristiques,NRP,Tentative d'appel - Pas de réponse. Relance à planifier.,
Meublé de tourisme Les Fuschias,07 64 15 88 66,,87370#Bersac-sur-Rivalier,3 étoiles#Classement officiel des hébergements touristiques|Hébergement Pêche#Hébergement Pêche|Clé Vacances#Clé vacances|3 Clés#Clévacances,NRP,Tentative d'appel - Pas de réponse. Relance à planifier.,
Gîte Au fil des Auges,01 92 72 03 91,,51120#Sézanne,3 étoiles#Classement officiel des hébergements touristiques,NRP,Tentative d'appel - Pas de réponse. Relance à planifier.,
Gîte Style Loft - La ferme du Château,07 89 71 73 34,,58240#Tresnay,3 étoiles#Classement officiel des hébergements touristiques,OPPOSITION RGPD,DEMANDE EXPRESS DE RETRAIT (Art. 17 RGPD). Sortir des listes immédiatement.,
Hostellerie de la Poste,02 85 69 06 56,,58500#Clamecy,Qualité Tourisme#Qualité Tourisme|3 étoiles#Classement officiel des hébergements touristiques|Hôtel Cosy#Logis,REFUS CATÉGORIQUE,Refus catégorique au barrage. Ne souhaite pas échanger.,http://www.hostelleriedelaposte.fr
LES MAISONS DU BOIS,09 07 47 01 45,,58330#Crux-la-Ville,3 étoiles#Classement officiel des hébergements touristiques,OPPOSITION RGPD,DEMANDE EXPRESS DE RETRAIT (Art. 17 RGPD). Sortir des listes immédiatement.,https://lesmaisonsdubois.fr
Gîte Au cœur des rêves,07 48 70 46 92,,25570#Grand'Combe-Châteleu,3 épis / Confort#Gîtes de France|Gîtes de France#Gîtes de France,NRP,Tentative d'appel - Pas de réponse. Relance à planifier.,
Studio Les Treilles de Salies,09 42 66 11 27,treillessalies@gmail.com,64270#Salies-de-Béarn,4 étoiles#Classement officiel des hébergements touristiques|Accueil Vélo#France Vélo Tourisme,REFUS CATÉGORIQUE,Refus catégorique au barrage. Ne souhaite pas échanger.,https://lestreillesdesalies.com
La bonne Francette,04 53 58 49 90,,79100#Plaine-et-Vallées,3 étoiles#Classement officiel des hébergements touristiques,REFUS CATÉGORIQUE,Refus catégorique au barrage. Ne souhaite pas échanger.,https://www.leboncoin.fr/ad/locations_saisonnieres/2014841748
Chambres d'Ault,06 23 86 84 45,chambreault@gmail.com,80460#Ault,3 épis / Confort#Gîtes de France|Gîtes de France#Gîtes de France,REFUS ARGUMENTÉ,Frein identifié : Manque de Social Proof et de références locales.,https://www.chambre-d-ault.com
Le Saint-Pierre,06 71 83 21 53,,25300#Pontarlier,Accueil Vélo#France Vélo Tourisme|3 étoiles#Classement officiel des hébergements touristiques|Accueil motards#Accueil motards,NRP,Tentative d'appel - Pas de réponse. Relance à planifier.,http://hotel-st-pierre-pontarlier.fr
Secret de la corniche,05 92 97 42 97,secretdelacorniche@gmail.com,33710#Bayon-sur-Gironde,4 étoiles#Classement officiel des hébergements touristiques|Vignobles & Découvertes#Label Vignobles & Découvertes,REFUS CATÉGORIQUE,Refus catégorique au barrage. Ne souhaite pas échanger.,http://secretdelacorniche.com
Gîte Les Hirondeaux,06 12 80 54 65,,21230#Champignolles,3 étoiles#Classement officiel des hébergements touristiques,NRP,Tentative d'appel - Pas de réponse. Relance à planifier.,
Aux 3 épis,07 70 45 88 97,,10500#Dienville,3 étoiles#Classement officiel des hébergements touristiques,NRP,Tentative d'appel - Pas de réponse. Relance à planifier.,
Camping Dorrondeguy,05 05 40 16 72,contact@camping-dorrondeguy.com,64700#Hendaye,3 étoiles#Classement officiel des hébergements touristiques|Famille plus#Famille plus,REFUS ARGUMENTÉ,Frein identifié : Manque de Social Proof et de références locales.,http://www.camping-dorrondeguy.com
Le Logis de la Dune,03 25 08 78 03,,62600#Berck,4 étoiles#Classement officiel des hébergements touristiques,NRP,Tentative d'appel - Pas de réponse. Relance à planifier.,
Camping La Sténiole,03 29 51 43 75,camping@steniole.com,88640#Granges-Aumontzey,4 étoiles#Classement officiel des hébergements touristiques|Qualité Tourisme#Qualité Tourisme|Clef Verte#Clef verte,REFUS ARGUMENTÉ,Frein identifié : Manque de Social Proof et de références locales.,http://www.steniole.com
Gîte de la Brenelière,03 90 59 84 24,,79140#Cirières,3 étoiles#Classement officiel des hébergements touristiques,NRP,Tentative d'appel - Pas de réponse. Relance à planifier.,
Maya-Huel,05 18 60 19 84,,70120#Theuley,5 étoiles#Classement officiel des hébergements touristiques,REFUS CATÉGORIQUE,Refus catégorique au barrage. Ne souhaite pas échanger.,https://www.maya-huel.fr
Au 24,07 83 73 07 77,,89320#Villiers-Louis,3 étoiles#Classement officiel des hébergements touristiques,NRP,Tentative d'appel - Pas de réponse. Relance à planifier.,https://312304.weebnb.com/book/bnb
Grand Hôtel des Bains,05 31 75 69 71,rendro87@gmail.com,39110#Salins-les-Bains,Accueil Vélo#France Vélo Tourisme|Vignobles & Découvertes#Label Vignobles & Découvertes|Qualité Tourisme#Qualité Tourisme|3 étoiles#Classement officiel des hébergements touristiques,REFUS ARGUMENTÉ,Frein identifié : Manque de Social Proof et de références locales.,https://www.hotel-des-bains.fr
Gîte Le 45 Tours,03 38 54 04 24,,79250#Nueil-les-Aubiers,4 étoiles#Classement officiel des hébergements touristiques,NRP,Tentative d'appel - Pas de réponse. Relance à planifier.,
Domaine du Cheval Blanc,04 17 26 79 74,,71390#Saint-Boil,3 étoiles#Classement officiel des hébergements touristiques|Hôtel Cosy#Logis,OPPOSITION RGPD,DEMANDE EXPRESS DE RETRAIT (Art. 17 RGPD). Sortir des listes immédiatement.,https://www.logishotels.com/fr/hotel/logis-hotel-restaurant-du-cheval-blanc-1096
Hôtel-Restaurant Le Glacier,02 04 97 15 44,leglacier.restaurant@gmail.com,47300#Villeneuve-sur-Lot,3 étoiles#Classement officiel des hébergements touristiques,REFUS CATÉGORIQUE,Refus catégorique au barrage. Ne souhaite pas échanger.,http://www.hotel-restaurantleglacier.fr/index.htm
La Maison du Bord,09 81 04 84 78,,87300#Bellac,3 étoiles#Classement officiel des hébergements touristiques,REFUS ARGUMENTÉ,Frein identifié : Manque de Social Proof et de références locales.,
Spassionnément à l'Exotique,03 95 88 12 50,,47520#Le Passage,4 étoiles#Classement officiel des hébergements touristiques,NRP,Tentative d'appel - Pas de réponse. Relance à planifier.,https://spassionnement.fr
Camping du Pont de Bourgogne,03 45 18 67 19,contact@camping-chalon.com,71380#Saint-Marcel,Accueil Vélo#France Vélo Tourisme|3 étoiles#Classement officiel des hébergements touristiques,REFUS CATÉGORIQUE,Refus catégorique au barrage. Ne souhaite pas échanger.,http://www.camping-chalon.com
Appartement Le Chardon,09 62 25 23 71,,54000#Nancy,3 étoiles#Classement officiel des hébergements touristiques,REFUS CATÉGORIQUE,Refus catégorique au barrage. Ne souhaite pas échanger.,
Rose & Blue Spa,05 21 33 15 20,,71620#Saint-Martin-en-Bresse,3 étoiles#Classement officiel des hébergements touristiques,OPPOSITION RGPD,DEMANDE EXPRESS DE RETRAIT (Art. 17 RGPD). Sortir des listes immédiatement.,
Manoir de La Poterie & Spa Les Thermes,03 82 05 54 28,info@honfleur-hotel.com,14113#Cricquebœuf,4 étoiles#Classement officiel des hébergements touristiques,REFUS ARGUMENTÉ,Frein identifié : Manque de Social Proof et de références locales.,https://www.manoirdelapoterie.fr
Gîte Le Saule en Scie,03 98 38 84 69,,79250#Nueil-les-Aubiers,3 étoiles#Classement officiel des hébergements touristiques,NRP,Tentative d'appel - Pas de réponse. Relance à planifier.,
Le séchoir de l'Engranne,05 42 20 42 01,,33540#Castelviel,4 étoiles#Classement officiel des hébergements touristiques|Gîtes de France#Gîtes de France|4 épis / Premium#Gîtes de France,OPPOSITION RGPD,DEMANDE EXPRESS DE RETRAIT (Art. 17 RGPD). Sortir des listes immédiatement.,https://lesechoirdelengranne.com
"Gîte ""La Belle Vue"" - 3 étoiles",05 05 93 12 51,,39400#Bellefontaine,3 étoiles#Classement officiel des hébergements touristiques,REFUS ARGUMENTÉ,Frein identifié : Manque de Social Proof et de références locales.,
Gîte à la Ferme,09 25 18 90 00,,21500#Viserny,3 étoiles#Classement officiel des hébergements touristiques,REFUS CATÉGORIQUE,Refus catégorique au barrage. Ne souhaite pas échanger.,
Au fil des rêves,06 00 79 74 11,,23150#Saint-Pardoux-les-Cards,3 étoiles#Classement officiel des hébergements touristiques,OPPOSITION RGPD,DEMANDE EXPRESS DE RETRAIT (Art. 17 RGPD). Sortir des listes immédiatement.,
Le Jardin caché,02 05 33 62 34,,71270#Lays-sur-le-Doubs,3 étoiles#Classement officiel des hébergements touristiques,OPPOSITION RGPD,DEMANDE EXPRESS DE RETRAIT (Art. 17 RGPD). Sortir des listes immédiatement.,
"Gîte de Baye 'La Digue""",02 72 17 84 42,,58110#Bazolles,3 étoiles#Classement officiel des hébergements touristiques,NRP,Tentative d'appel - Pas de réponse. Relance à planifier.,
Camping Siblu Domaine de Soulac,02 18 01 24 10,reservations@siblu.fr,33780#Soulac-sur-Mer,4 étoiles#Classement officiel des hébergements touristiques|Vignobles & Découvertes#Label Vignobles & Découvertes,SUIVI NÉGO,Très bon contact. En attente d'une étude de cas par e-mail.,https://www.siblu.fr/camping-domaine-de-soulac
"Chalet ""Le bon sens"" - S Mangeard",06 23 16 15 02,,39150#Nanchez,4 étoiles#Classement officiel des hébergements touristiques,OPPOSITION RGPD,DEMANDE EXPRESS DE RETRAIT (Art. 17 RGPD). Sortir des listes immédiatement.,
Chambres d'hôtes detente verte,06 68 46 70 88,,54580#Saint-Ail,Bienvenue à la ferme#Bienvenue à la ferme|3 épis / Confort#Gîtes de France,NRP,Tentative d'appel - Pas de réponse. Relance à planifier.,
Ô'Doubs Roseline,05 42 51 57 09,,25300#Pontarlier,3 étoiles#Classement officiel des hébergements touristiques,NRP,Tentative d'appel - Pas de réponse. Relance à planifier.,
La Maison Pieuse,07 22 70 79 56,,89130#Villiers-Saint-Benoît,3 étoiles#Classement officiel des hébergements touristiques,NRP,Tentative d'appel - Pas de réponse. Relance à planifier.,https://www.giteeglisevilliers.fr
L'Etable,05 87 72 59 83,,62830#Verlincthun,3 étoiles#Classement officiel des hébergements touristiques,OPPOSITION RGPD,DEMANDE EXPRESS DE RETRAIT (Art. 17 RGPD). Sortir des listes immédiatement.,
Ferme Landaise,09 76 87 12 41,,47700#Antagnac,3 étoiles#Classement officiel des hébergements touristiques,NRP,Tentative d'appel - Pas de réponse. Relance à planifier.,https://gensdeconfiance.com/fr/ui/post/vacations__rentals/04465fd6-ee79-47ef-8cbd-e3c7e9b187dd
Gîte des Pins,07 09 78 78 89,,57850#Dabo,5 étoiles#Classement officiel des hébergements touristiques|4 Clés#Clévacances,NRP,Tentative d'appel - Pas de réponse. Relance à planifier.,
Gîte Prune d'Ente,03 24 68 83 31,,47320#Bourran,4 étoiles#Classement officiel des hébergements touristiques,NRP,Tentative d'appel - Pas de réponse. Relance à planifier.,https://www.pigeonnier-st-vincent.fr/bnb/bnb-4-4
Spassionnément Nature,06 33 08 11 71,,47340#Monbalen,3 étoiles#Classement officiel des hébergements touristiques,NRP,Tentative d'appel - Pas de réponse. Relance à planifier.,https://spassionnement.fr
L'annexe,03 39 78 36 90,,87230#Dournazac,3 étoiles#Classement officiel des hébergements touristiques,REFUS CATÉGORIQUE,Refus catégorique au barrage. Ne souhaite pas échanger.,
Retour aux sources n°2,03 98 30 47 32,retourauxsources39.71@hotmail.com,39270#Chambéria,3 étoiles#Classement officiel des hébergements touristiques,REFUS CATÉGORIQUE,Refus catégorique au barrage. Ne souhaite pas échanger.,https://retourauxsources39.wixsite.com/giteretourauxsources
La Petite Maison d'Exireuil,03 93 10 19 71,,79400#Exireuil,3 étoiles#Classement officiel des hébergements touristiques|Gîtes de France#Gîtes de France|3 épis / Confort#Gîtes de France,NRP,Tentative d'appel - Pas de réponse. Relance à planifier.,
L'Atelier du Champ Ladoit,01 00 19 33 28,,71640#Mercurey,3 étoiles#Classement officiel des hébergements touristiques,NRP,Tentative d'appel - Pas de réponse. Relance à planifier.,
Gîte La Ferme du Meix Guillot,01 42 33 44 00,,71350#Verdun-sur-le-Doubs,3 étoiles#Classement officiel des hébergements touristiques,NRP,Tentative d'appel - Pas de réponse. Relance à planifier.,
La Champenoise 2,05 66 66 57 85,,10000#Troyes,3 étoiles#Classement officiel des hébergements touristiques,OPPOSITION RGPD,DEMANDE EXPRESS DE RETRAIT (Art. 17 RGPD). Sortir des listes immédiatement.,
Gîte La Rimbaudière,06 71 96 91 56,,79700#Saint-Amand-sur-Sèvre,3 étoiles#Classement officiel des hébergements touristiques,NRP,Tentative d'appel - Pas de réponse. Relance à planifier.,
Escale Caux Cooning,06 61 67 73 24,escalecauxcooning@gmail.com,76790#Étretat,4 étoiles#Classement officiel des hébergements touristiques,REFUS CATÉGORIQUE,Refus catégorique au barrage. Ne souhaite pas échanger.,https://www.escale-caux-cooning-etretat.fr
Maison des vignes,09 25 43 91 11,,33340#Bégadan,3 étoiles#Classement officiel des hébergements touristiques,OPPOSITION RGPD,DEMANDE EXPRESS DE RETRAIT (Art. 17 RGPD). Sortir des listes immédiatement.,
LA SOURCE BLEUE,04 06 09 53 14,nom.prenom@domaine.fr,52320#Gudmont-Villiers,3 étoiles#Classement officiel des hébergements touristiques|Hôtel Elégance#Logis,REFUS CATÉGORIQUE,Refus catégorique au barrage. Ne souhaite pas échanger.,https://www.bienvenue-hautemarne.fr
Les Reflets Jaunes,06 70 00 78 07,,08600#Givet,3 étoiles#Classement officiel des hébergements touristiques,NRP,Tentative d'appel - Pas de réponse. Relance à planifier.,https://www.les-reflets-jaunes.com
Le Parc,04 64 09 90 74,gites@domainedescapucins.com,39110#Salins-les-Bains,3 étoiles#Classement officiel des hébergements touristiques,REFUS CATÉGORIQUE,Refus catégorique au barrage. Ne souhaite pas échanger.,http://domainedescapucins.com
Gîte maison LES ROSES  proche Lac des Settons,03 00 60 80 00,,58230#Moux-en-Morvan,3 étoiles#Classement officiel des hébergements touristiques,NRP,Tentative d'appel - Pas de réponse. Relance à planifier.,
Gîte chez Gaby,07 37 16 67 50,,55100#Verdun,3 étoiles#Classement officiel des hébergements touristiques,NRP,Tentative d'appel - Pas de réponse. Relance à planifier.,
Le Relais de la Vallée,06 05 56 66 04,pierrecossu@wanadoo.fr,25110#Hyèvre-Paroisse,3 étoiles#Classement officiel des hébergements touristiques,REFUS CATÉGORIQUE,Refus catégorique au barrage. Ne souhaite pas échanger.,https://www.contact-hotel.com/hotel-france/6558/hotel-le-relais-de-la-vallee-hyevre-paroisse.htm
Chalets des Chemins Verts - Gîte Peter,06 36 93 92 46,aline-burri@orange.fr,39300#Le Latet,4 étoiles#Classement officiel des hébergements touristiques|Bienvenue à la ferme#Bienvenue à la ferme,SUIVI NÉGO,Très bon contact. En attente d'une étude de cas par e-mail.,https://locationchaletjura.com
Les Verchères,07 87 02 12 94,,71120#Baron,Bienvenue à la ferme#Bienvenue à la ferme|3 étoiles#Classement officiel des hébergements touristiques,NRP,Tentative d'appel - Pas de réponse. Relance à planifier.,
Stella Mare,07 58 46 33 92,,62780#Cucq,3 étoiles#Classement officiel des hébergements touristiques,NRP,Tentative d'appel - Pas de réponse. Relance à planifier.,
Le Clos de Lagalvagne,01 02 94 89 79,,47330#Castillonnès,3 étoiles#Classement officiel des hébergements touristiques,NRP,Tentative d'appel - Pas de réponse. Relance à planifier.,
Gîte de Prymalya - Montagne,06 15 42 52 93,,47700#Casteljaloux,3 étoiles#Classement officiel des hébergements touristiques,REFUS CATÉGORIQUE,Refus catégorique au barrage. Ne souhaite pas échanger.,https://gitedeprymalya.fr
Village vacances Le lac Marin - ARTES,01 52 46 17 68,reservations@artestourisme.fr,40140#Soustons,3 étoiles#Classement officiel des hébergements touristiques|Accueil Vélo#France Vélo Tourisme|Clef Verte#Clef verte,REFUS ARGUMENTÉ,Frein identifié : Manque de Social Proof et de références locales.,https://artestourisme.fr/hebergements/le-lac-marin
Studio Cassiopée,04 23 72 61 73,,62780#Cucq,3 étoiles#Classement officiel des hébergements touristiques,NRP,Tentative d'appel - Pas de réponse. Relance à planifier.,
Maison - grand gîte de la réchassière,09 68 94 62 97,,39140#Commenailles,3 épis / Confort#Gîtes de France|Gîtes de France#Gîtes de France,NRP,Tentative d'appel - Pas de réponse. Relance à planifier.,https://www.larechassiere.fr
Auberge du Lac Sure Hotel Collection by Best Western,07 85 01 24 51,contact@auberge-du-lac.fr,10140#Mesnil-Saint-Père,3 étoiles#Classement officiel des hébergements touristiques,REFUS CATÉGORIQUE,Refus catégorique au barrage. Ne souhaite pas échanger.,http://www.auberge-du-lac.fr
La Petite Boulonnaise,06 38 30 85 97,,62200#Boulogne-sur-Mer,3 étoiles#Classement officiel des hébergements touristiques,NRP,Tentative d'appel - Pas de réponse. Relance à planifier.,
Jardin Dangla,03 12 38 36 66,,47000#Agen,3 étoiles#Classement officiel des hébergements touristiques,NRP,Tentative d'appel - Pas de réponse. Relance à planifier.,
La Petite Fugue de l'Instant Sauvage,06 36 33 26 68,,58230#Alligny-en-Morvan,4 étoiles#Classement officiel des hébergements touristiques,NRP,Tentative d'appel - Pas de réponse. Relance à planifier.,https://www.linstantsauvage.com/fr
A KA TITINE,02 30 85 72 85,,97229#Fort-de-France,3 étoiles#Classement officiel des hébergements touristiques,NRP,Tentative d'appel - Pas de réponse. Relance à planifier.,
Maison Cosy,01 20 66 93 54,,60190#Moyvillers,3 étoiles#Classement officiel des hébergements touristiques,OPPOSITION RGPD,DEMANDE EXPRESS DE RETRAIT (Art. 17 RGPD). Sortir des listes immédiatement.,
Saint Valbert - T1,06 07 21 96 73,,70300#Luxeuil-les-Bains,4 étoiles#Classement officiel des hébergements touristiques,NRP,Tentative d'appel - Pas de réponse. Relance à planifier.,
Maison de Bois Royale,01 68 94 37 88,,23460#Royère-de-Vassivière,3 étoiles#Classement officiel des hébergements touristiques,NRP,Tentative d'appel - Pas de réponse. Relance à planifier.,
Le Cocon,02 51 42 11 45,,21390#Braux,4 étoiles#Classement officiel des hébergements touristiques,OPPOSITION RGPD,DEMANDE EXPRESS DE RETRAIT (Art. 17 RGPD). Sortir des listes immédiatement.,
Gîte du Pescadou,03 39 53 45 53,contact@gite-du-pescadou.fr,47370#Tournon-d'Agenais,4 étoiles#Classement officiel des hébergements touristiques,REFUS ARGUMENTÉ,Frein identifié : Manque de Social Proof et de références locales.,https://gite-du-pescadou.fr
Villa Emma,06 60 44 93 61,,86100#Châtellerault,3 étoiles#Classement officiel des hébergements touristiques,OPPOSITION RGPD,DEMANDE EXPRESS DE RETRAIT (Art. 17 RGPD). Sortir des listes immédiatement.,
Gîte de la Doit,05 75 03 40 72,,71460#Saint-Marcelin-de-Cray,3 étoiles#Classement officiel des hébergements touristiques,NRP,Tentative d'appel - Pas de réponse. Relance à planifier.,https://gite-de-la-doit.webnode.fr
Gîte - Petit cocon à 5 min de Sedan,09 24 79 29 21,,08200#Illy,3 étoiles#Classement officiel des hébergements touristiques,NRP,Tentative d'appel - Pas de réponse. Relance à planifier.,
La Chapellerie,04 07 89 43 25,support@webador.com,24160#Excideuil,3 étoiles#Classement officiel des hébergements touristiques,REFUS ARGUMENTÉ,Frein identifié : Manque de Social Proof et de références locales.,https://www.la-chapellerie-gite.com
Gîte de la Mirabelle,04 98 70 73 29,,55210#Heudicourt-sous-les-Côtes,4 étoiles#Classement officiel des hébergements touristiques,NRP,Tentative d'appel - Pas de réponse. Relance à planifier.,
Le Gîte d'Anaïs,04 32 41 14 46,,58320#Pougues-les-Eaux,3 étoiles#Classement officiel des hébergements touristiques,OPPOSITION RGPD,DEMANDE EXPRESS DE RETRAIT (Art. 17 RGPD). Sortir des listes immédiatement.,
Meublé Le Relais de l'Histoire,04 61 80 67 53,,67110#Oberbronn,4 étoiles#Classement officiel des hébergements touristiques,NRP,Tentative d'appel - Pas de réponse. Relance à planifier.,
La Sablière du Mont Noir,03 24 48 45 17,,59270#Saint-Jans-Cappel,3 étoiles#Classement officiel des hébergements touristiques,REFUS ARGUMENTÉ,Frein identifié : Manque de Social Proof et de références locales.,https://www.lasablieredumontnoir.com
Les 2 Tilleuls,04 63 88 03 52,,47160#Ambrus,3 étoiles#Classement officiel des hébergements touristiques,NRP,Tentative d'appel - Pas de réponse. Relance à planifier.,
Hôtel de France,03 66 13 46 83,contact@hoteldefrance-ornans.com,25290#Ornans,3 étoiles#Classement officiel des hébergements touristiques|Hôtel Cosy#Logis,REFUS CATÉGORIQUE,Refus catégorique au barrage. Ne souhaite pas échanger.,https://www.hoteldefrance-ornans.com
Petit Est Eco-Cottage,05 56 90 37 12,,33540#Blasimon,3 étoiles#Classement officiel des hébergements touristiques,NRP,Tentative d'appel - Pas de réponse. Relance à planifier.,
Atelier Scandinave,01 56 81 17 88,,67310#Westhoffen,3 étoiles#Classement officiel des hébergements touristiques|3 épis / Confort#Gîtes de France,NRP,Tentative d'appel - Pas de réponse. Relance à planifier.,
Montagnon,07 53 71 17 51,,58000#Nevers,4 étoiles#Classement officiel des hébergements touristiques|Accueil Vélo#France Vélo Tourisme,NRP,Tentative d'appel - Pas de réponse. Relance à planifier.,https://www.lessuitesdupalais.com/portfolio/appartement-montagnon
La petite maison,06 05 34 73 61,,08290#Hannappes,4 étoiles#Classement officiel des hébergements touristiques,NRP,Tentative d'appel - Pas de réponse. Relance à planifier.,
Le Lavoir d'Adèle,01 95 63 00 80,,57930#Fénétrange,5 étoiles#Classement officiel des hébergements touristiques|4 Clés#Clévacances,REFUS ARGUMENTÉ,Frein identifié : Manque de Social Proof et de références locales.,
La petite Bougeotte,07 16 63 76 58,,33820#Pleine-Selve,3 étoiles#Classement officiel des hébergements touristiques|Gîtes de France#Gîtes de France|2 épis#Gîtes de France,NRP,Tentative d'appel - Pas de réponse. Relance à planifier.,
Sentier du Paradis,09 14 34 75 04,,21410#Mâlain,3 étoiles#Classement officiel des hébergements touristiques,NRP,Tentative d'appel - Pas de réponse. Relance à planifier.,
Le Moulin Chopin,06 39 09 19 93,,39160#Montagna-le-Reconduit,5 étoiles#Classement officiel des hébergements touristiques|Hébergement Pêche#Hébergement Pêche,NRP,Tentative d'appel - Pas de réponse. Relance à planifier.,https://moulin-chopin.fr
"Hôtel ""Le France""",09 91 10 15 11,contact@aubussonlefrance.com,23200#Aubusson,3 étoiles#Classement officiel des hébergements touristiques,REFUS ARGUMENTÉ,Frein identifié : Manque de Social Proof et de références locales.,https://www.aubussonlefrance.com
Arts et Millésimes,04 52 74 28 08,artsmillesimes@gmail.com,10360#Essoyes,3 étoiles#Classement officiel des hébergements touristiques,REFUS ARGUMENTÉ,Frein identifié : Manque de Social Proof et de références locales.,https://www.arts-millesimes.fr
Gîte Lagasse,07 23 21 09 25,,47340#Hautefage-la-Tour,4 étoiles#Classement officiel des hébergements touristiques,REFUS ARGUMENTÉ,Frein identifié : Manque de Social Proof et de références locales.,
Domaine du Bédat,01 37 24 98 19,contact@domainedubedat.com,33540#Blasimon,3 étoiles#Classement officiel des hébergements touristiques,REFUS ARGUMENTÉ,Frein identifié : Manque de Social Proof et de références locales.,https://domainedubedat.com
Cocon de Luxe Besançon,03 98 79 59 61,,25000#Besançon,3 étoiles#Classement officiel des hébergements touristiques,REFUS CATÉGORIQUE,Refus catégorique au barrage. Ne souhaite pas échanger.,
Sure Hotel by Best Western,09 13 29 23 17,durant.denise@gmail.com,39100#Dole,Clef Verte#Clef verte|3 étoiles#Classement officiel des hébergements touristiques,REFUS ARGUMENTÉ,Frein identifié : Manque de Social Proof et de références locales.,https://www.bestwestern.fr/fr/hotel-Dole-Sure-Hotel-by-Best-Western-Dole-93969?fbclid=IwAR2Ipi8tZbhm9CkN1dqNCcCsks7iJlTKKc1JbJ5BpDP5TQXoRFdxvv0IRCM
Gite chez Mylene et Bertrand,09 17 42 11 23,,71220#Saint-André-le-Désert,3 étoiles#Classement officiel des hébergements touristiques,OPPOSITION RGPD,DEMANDE EXPRESS DE RETRAIT (Art. 17 RGPD). Sortir des listes immédiatement.,https://www.chez-mylene-et-bertrand.fr
Les Géraniums du 95 B,04 68 86 00 91,,25300#Pontarlier,Accueil Vélo#France Vélo Tourisme|3 étoiles#Classement officiel des hébergements touristiques,NRP,Tentative d'appel - Pas de réponse. Relance à planifier.,
Juste une Pause,01 13 89 51 69,,62830#Carly,3 étoiles#Classement officiel des hébergements touristiques,NRP,Tentative d'appel - Pas de réponse. Relance à planifier.,
La Villa Dakoté,03 86 62 92 36,,71530#Sassenay,3 étoiles#Classement officiel des hébergements touristiques,NRP,Tentative d'appel - Pas de réponse. Relance à planifier.,
L'âme du voyageur,06 09 67 84 75,,86370#Château-Larcher,3 étoiles#Classement officiel des hébergements touristiques,REFUS ARGUMENTÉ,Frein identifié : Manque de Social Proof et de références locales.,
Gîte à Laissey,07 41 54 47 58,,25820#Laissey,3 étoiles#Classement officiel des hébergements touristiques,REFUS CATÉGORIQUE,Refus catégorique au barrage. Ne souhaite pas échanger.,
Gîte Le Petit Bambou,03 46 37 17 39,gite.lepetitbambou@gmail.com,79300#Bressuire,4 étoiles#Classement officiel des hébergements touristiques,REFUS ARGUMENTÉ,Frein identifié : Manque de Social Proof et de références locales.,https://www.lepetitbambou.fr
Le Gîte de Varanges,09 21 21 96 30,,71640#Givry,3 étoiles#Classement officiel des hébergements touristiques,OPPOSITION RGPD,DEMANDE EXPRESS DE RETRAIT (Art. 17 RGPD). Sortir des listes immédiatement.,https://www.gites.fr/gites_le-gite-de-varanges_givry_92965.htm
Gîte Les Cyprès de la Petite Toscane,05 60 01 92 34,contact@toscanemauriac.fr,33540#Mauriac,3 étoiles#Classement officiel des hébergements touristiques,REFUS CATÉGORIQUE,Refus catégorique au barrage. Ne souhaite pas échanger.,https://gites-la-petite-toscane-mauriac.fr
Hôtel Villa Louise,01 76 58 13 89,contact@hotel-villa-louise.fr,21420#Aloxe-Corton,4 étoiles#Classement officiel des hébergements touristiques|Vignobles & Découvertes#Label Vignobles & Découvertes,REFUS ARGUMENTÉ,Frein identifié : Manque de Social Proof et de références locales.,http://www.hotel-villa-louise.fr
La Grange d'Autrefois,07 06 04 70 22,,71620#Damerey,3 étoiles#Classement officiel des hébergements touristiques,NRP,Tentative d'appel - Pas de réponse. Relance à planifier.,https://www.leboncoin.fr/offre/locations_gites/2224573905
"Gîte n°267 ""LES LILAS""",03 24 54 73 53,paquaypatou@orange.fr,08150#Remilly-les-Pothées,3 étoiles#Classement officiel des hébergements touristiques|Gîtes de France#Gîtes de France|3 épis / Confort#Gîtes de France,REFUS CATÉGORIQUE,Refus catégorique au barrage. Ne souhaite pas échanger.,http://webitea-08-gdf-francais.gl.itea.fr/resa/etape1.php?NUM=267&INSTANCE=gites08&OPE=CDT08&ORI=CDT08&&&&&
Camping Manoir de Bezolle,03 05 21 07 28,contact@campingmanoirdebezolle.com,58110#Saint-Péreuse,4 étoiles#Classement officiel des hébergements touristiques,SUIVI NÉGO,Très bon contact. En attente d'une étude de cas par e-mail.,https://www.campingmanoirdebezolle.com
Au détour du Pigeonnier,07 81 52 82 54,,86200#Loudun,3 étoiles#Classement officiel des hébergements touristiques,REFUS ARGUMENTÉ,Frein identifié : Manque de Social Proof et de références locales.,
Carp Cottage,03 65 51 24 20,,47500#Monsempron-Libos,3 étoiles#Classement officiel des hébergements touristiques|Hébergement Pêche#Hébergement Pêche,NRP,Tentative d'appel - Pas de réponse. Relance à planifier.,
Gîte Saint Brice,01 30 04 71 28,,33540#Saint-Brice,3 étoiles#Classement officiel des hébergements touristiques,NRP,Tentative d'appel - Pas de réponse. Relance à planifier.,
Maison de campagne à Ancerviller,04 37 73 67 91,,54450#Ancerviller,3 étoiles#Classement officiel des hébergements touristiques|3 Clés#Clévacances,NRP,Tentative d'appel - Pas de réponse. Relance à planifier.,
Le Repaire Creusois,07 28 50 42 14,,23700#Charron,Gîtes de France#Gîtes de France|4 épis / Premium#Gîtes de France,NRP,Tentative d'appel - Pas de réponse. Relance à planifier.,
Les Crinières Flamboyantes,05 50 48 90 46,,86160#Marnay,3 étoiles#Classement officiel des hébergements touristiques,NRP,Tentative d'appel - Pas de réponse. Relance à planifier.,
"Ici, au gré du temps",06 79 40 30 55,lerougelenoir@hotmail.fr,21120#Is-sur-Tille,3 étoiles#Classement officiel des hébergements touristiques,SUIVI NÉGO,Très bon contact. En attente d'une étude de cas par e-mail.,
Gîte Les Mésanges n°150,06 34 20 20 99,,08170#Haybes,Qualité Tourisme#Qualité Tourisme|3 étoiles#Classement officiel des hébergements touristiques,NRP,Tentative d'appel - Pas de réponse. Relance à planifier.,
Gîte Le Pavillon,06 75 72 38 97,,47600#Moncrabeau,3 étoiles#Classement officiel des hébergements touristiques|Gîtes de France#Gîtes de France,NRP,Tentative d'appel - Pas de réponse. Relance à planifier.,
La K'ase du Baudet,03 97 33 01 16,,86550#Mignaloux-Beauvoir,4 étoiles#Classement officiel des hébergements touristiques,NRP,Tentative d'appel - Pas de réponse. Relance à planifier.,
Logis Hotel le Grill,05 18 59 02 52,hotelgrill@hotelgrill.fr,39000#Lons-le-Saunier,Qualité Tourisme#Qualité Tourisme|3 étoiles#Classement officiel des hébergements touristiques|Hôtel Essentiel#Logis,REFUS CATÉGORIQUE,Refus catégorique au barrage. Ne souhaite pas échanger.,https://www.hotel-grill.com
Les Clefs du Paradis,02 43 71 04 04,,51290#Arzillières-Neuville,4 étoiles#Classement officiel des hébergements touristiques,NRP,Tentative d'appel - Pas de réponse. Relance à planifier.,
Easy Ride Der,06 16 27 89 42,,51290#Giffaumont-Champaubert,4 étoiles#Classement officiel des hébergements touristiques,NRP,Tentative d'appel - Pas de réponse. Relance à planifier.,http://www.easyrideder.com
Campanile,07 78 92 89 63,dpo@groupedulouvre.com,39100#Dole,3 étoiles#Classement officiel des hébergements touristiques,REFUS CATÉGORIQUE,Refus catégorique au barrage. Ne souhaite pas échanger.,http://www.campanile-dole.fr/fr
Chambres d’hôtes - Les Grands Prés,06 83 06 75 95,,25250#Geney,4 épis / Premium#Gîtes de France|Gîtes de France#Gîtes de France,NRP,Tentative d'appel - Pas de réponse. Relance à planifier.,https://www.lesgrandspres-geney.fr
Petit Vouas,06 02 35 51 13,info@lesvouas.nl,58120#Corancy,3 étoiles#Classement officiel des hébergements touristiques,REFUS CATÉGORIQUE,Refus catégorique au barrage. Ne souhaite pas échanger.,https://lesvouas.nl
Camping - Les Bords de Loue,06 25 24 25 73,contact@jura-camping.fr,39100#Parcey,Accueil Vélo#France Vélo Tourisme|3 étoiles#Classement officiel des hébergements touristiques,REFUS CATÉGORIQUE,Refus catégorique au barrage. Ne souhaite pas échanger.,http://www.jura-camping.fr
Le Grenier aux Écureuils,05 29 37 84 30,,10410#Saint-Parres-aux-Tertres,3 étoiles#Classement officiel des hébergements touristiques,NRP,Tentative d'appel - Pas de réponse. Relance à planifier.,
Gîte des Peupliers,04 49 87 13 93,gitedespeupliers79@gmail.com,79440#Courlay,3 étoiles#Classement officiel des hébergements touristiques,REFUS ARGUMENTÉ,Frein identifié : Manque de Social Proof et de références locales.,https://poitou-charentes-mb-prestataire.for-system.com/f134647_fr-.aspx
La Maison de Fram,05 98 80 64 77,,02380#Coucy-le-Château-Auffrique,3 étoiles#Classement officiel des hébergements touristiques,REFUS CATÉGORIQUE,Refus catégorique au barrage. Ne souhaite pas échanger.,
Chalet la Luge,03 29 35 33 38,,88310#Cornimont,3 étoiles#Classement officiel des hébergements touristiques|3 épis / Confort#Gîtes de France,REFUS ARGUMENTÉ,Frein identifié : Manque de Social Proof et de références locales.,
Hôtel Le Fer à Cheval,01 09 09 72 24,info@hotel-trouville.com,14360#Trouville-sur-Mer,3 étoiles#Classement officiel des hébergements touristiques,REFUS CATÉGORIQUE,Refus catégorique au barrage. Ne souhaite pas échanger.,http://www.feracheval-trouville.com
Kyriad Troyes Centre,06 04 84 34 46,dpo@groupedulouvre.com,10000#Troyes,3 étoiles#Classement officiel des hébergements touristiques,REFUS CATÉGORIQUE,Refus catégorique au barrage. Ne souhaite pas échanger.,https://troyes-centre.kyriad.com/fr-fr
Auprès du Verger,05 74 78 77 89,jacqueline.poulet@aliceadsl.fr,25580#Échevannes,4 étoiles#Classement officiel des hébergements touristiques,SUIVI NÉGO,Très bon contact. En attente d'une étude de cas par e-mail.,https://www.aupresduverger.fr
Beaux jours en Baie de Somme,06 26 98 44 67,,80860#Nouvion,3 épis / Confort#Gîtes de France|Gîtes de France#Gîtes de France,NRP,Tentative d'appel - Pas de réponse. Relance à planifier.,https://www.lesbeauxjours-en-baie.fr
Gamers Nest,07 50 28 71 05,,86370#Vivonne,3 étoiles#Classement officiel des hébergements touristiques,NRP,Tentative d'appel - Pas de réponse. Relance à planifier.,https://gamersnest.gg
Poplar House,04 48 26 78 41,,79290#Loretz-d'Argenton,4 étoiles#Classement officiel des hébergements touristiques,NRP,Tentative d'appel - Pas de réponse. Relance à planifier.,https://www.le-ruault.co.uk/pages20/home20FR.html?menuID=home
Gîte Les Rosiers de la Petite Toscane,09 28 16 42 28,contact@toscanemauriac.fr,33540#Mauriac,3 étoiles#Classement officiel des hébergements touristiques,REFUS ARGUMENTÉ,Frein identifié : Manque de Social Proof et de références locales.,https://gites-la-petite-toscane-mauriac.fr
Les Trois Charmes,05 35 10 92 16,contact@lestroischarmes.fr,25170#Chaucenne,3 épis / Confort#Gîtes de France|Gîtes de France#Gîtes de France|Accueil motards#Accueil motards,REFUS ARGUMENTÉ,Frein identifié : Manque de Social Proof et de références locales.,https://www.lestroischarmes.fr
Gîte Petit Talma,06 69 29 86 12,605a7baede844d278b89dc95ae0a9123@sentry-next.wixpress.com,08250#Grandpré,4 étoiles#Classement officiel des hébergements touristiques|4 Clés#Clévacances,REFUS CATÉGORIQUE,Refus catégorique au barrage. Ne souhaite pas échanger.,https://www.gite-petit-talma-ardennes.com
La Symphorienne,03 66 23 91 74,,58150#Suilly-la-Tour,3 étoiles#Classement officiel des hébergements touristiques,OPPOSITION RGPD,DEMANDE EXPRESS DE RETRAIT (Art. 17 RGPD). Sortir des listes immédiatement.,
Domaine de la Vergnolle,02 14 07 90 36,,87290#Rancon,3 étoiles#Classement officiel des hébergements touristiques,NRP,Tentative d'appel - Pas de réponse. Relance à planifier.,
AU FIL DE L'EAU,06 36 74 03 13,,23800#La Celle-Dunoise,3 étoiles#Classement officiel des hébergements touristiques|Hébergement Pêche#Hébergement Pêche|Clé Vacances#Clé vacances|3 Clés#Clévacances,NRP,Tentative d'appel - Pas de réponse. Relance à planifier.,https://gite-au-fil-de-l-eau.fr
Hôtel du Morvan,05 21 23 99 72,reservation@hotelrestaurantdumorvan.fr,58170#Luzy,3 étoiles#Classement officiel des hébergements touristiques,REFUS ARGUMENTÉ,Frein identifié : Manque de Social Proof et de références locales.,https://www.hotelrestaurantdumorvan58.fr
St Colomban - T2,06 85 75 85 60,,70300#Luxeuil-les-Bains,4 étoiles#Classement officiel des hébergements touristiques,NRP,Tentative d'appel - Pas de réponse. Relance à planifier.,
La Chaume en Loire,05 95 49 89 50,lachaumeenloire@gmail.com,58300#Devay,Accueil Vélo#France Vélo Tourisme|3 épis / Confort#Gîtes de France|Gîtes de France#Gîtes de France,SUIVI NÉGO,Très bon contact. En attente d'une étude de cas par e-mail.,http://www.lachaume-enloire.com
Le Gîte du Louvanto,09 10 02 33 60,lelouvanto@gmail.com,86300#Bonnes,3 étoiles#Classement officiel des hébergements touristiques,REFUS ARGUMENTÉ,Frein identifié : Manque de Social Proof et de références locales.,https://lelouvanto.com
Gîte du Mamelé,09 25 68 84 76,,67130#Barembach,3 étoiles#Classement officiel des hébergements touristiques|3 épis / Confort#Gîtes de France,NRP,Tentative d'appel - Pas de réponse. Relance à planifier.,
Gîte Tilleul,01 48 12 63 52,lesgitessurlacolline@gmail.com,47800#Montignac-de-Lauzun,3 étoiles#Classement officiel des hébergements touristiques|Clé Vacances#Clé vacances|3 Clés#Clévacances,REFUS ARGUMENTÉ,Frein identifié : Manque de Social Proof et de références locales.,https://www.lesgitessurlacolline.fr
Le Vauluisant,06 25 45 12 47,,10000#Troyes,3 étoiles#Classement officiel des hébergements touristiques,REFUS ARGUMENTÉ,Frein identifié : Manque de Social Proof et de références locales.,
Gîte les figuiers,09 71 46 52 15,gitelesfiguiers40@gmail.com,40400#Audon,5 étoiles#Classement officiel des hébergements touristiques,REFUS CATÉGORIQUE,Refus catégorique au barrage. Ne souhaite pas échanger.,https://gitelesfiguiers.com
Le gîte Le Domaine de Montmery,01 80 08 80 60,,87240#Ambazac,4 étoiles#Classement officiel des hébergements touristiques,REFUS ARGUMENTÉ,Frein identifié : Manque de Social Proof et de références locales.,
Le Studio Bernard,05 51 68 12 03,,86000#Poitiers,3 étoiles#Classement officiel des hébergements touristiques,OPPOSITION RGPD,DEMANDE EXPRESS DE RETRAIT (Art. 17 RGPD). Sortir des listes immédiatement.,
Gite de la Quinquenouille,09 53 80 02 29,,39240#Valzin en Petite Montagne,4 étoiles#Classement officiel des hébergements touristiques,NRP,Tentative d'appel - Pas de réponse. Relance à planifier.,
Chez Jennifer et Van,07 81 33 84 05,,10000#Troyes,3 étoiles#Classement officiel des hébergements touristiques,NRP,Tentative d'appel - Pas de réponse. Relance à planifier.,
Métairie Le Coutureau,07 39 22 48 56,,24240#Rouffignac-de-Sigoulès,3 étoiles#Classement officiel des hébergements touristiques,OPPOSITION RGPD,DEMANDE EXPRESS DE RETRAIT (Art. 17 RGPD). Sortir des listes immédiatement.,https://air.tl/ZtOlyQ3x
