N°,Nom de l'établissement,Ville (Contact),Pays,Photos,Statut,Priorite,SITE WEB HH,DROPBOX,APPLICATION HH,Conseillés par Happy house,Écran connecté,Lien Backoffice,Lien Dropbox,Site_Perso,Adresse,CP,Ville (Propriété),Département,Région,Date de création,Statut closing,Téléphone Extrait,Email 1 Extrait,Email 2 Extrait,Alerte Complétude
1,Le Domaine d'Engrazac,Labastide d'Anjou,France,22.0,Publié (Conserver),"=IF(OR(E2<5, H2=""NON"", I2=""NON"", J2=""NON""), ""HAUTE"", ""MOYENNE"")",OUI,OUI,OUI,,Écran connecté,Voir,Voir,,, ,Labastide d'Anjou,,,11/02/2023,,06 98 00 25 32,bienvenue@ledomainedengrazac.com,N/D,"=IF(AND(H2=""OUI"", I2=""OUI"", J2=""OUI""), ""✅ COMPLET"", ""⚠️ À OPTIMISER"")"
2,Votre terrasse au soleil,Toulouse,France,10.0,Publié (Conserver),"=IF(OR(E3<5, H3=""NON"", I3=""NON"", J3=""NON""), ""HAUTE"", ""MOYENNE"")",OUI,OUI,OUI,,Écran connecté,Voir,Voir,,, ,Toulouse,,,11/02/2023,,+33 6 98 00 25 32,N/D (Dreamsway),N/D,"=IF(AND(H3=""OUI"", I3=""OUI"", J3=""OUI""), ""✅ COMPLET"", ""⚠️ À OPTIMISER"")"
3,Les pieds dans l'eau,Saint-Cyprien plage,France,17.0,Publié (Conserver),"=IF(OR(E4<5, H4=""NON"", I4=""NON"", J4=""NON""), ""HAUTE"", ""MOYENNE"")",OUI,OUI,OUI,,Écran connecté,Voir,Voir,,, ,Saint-Cyprien plage,,,11/02/2023,,07 66 84 32 58,contact@vacances-lespiedsdansleau.fr,N/D,"=IF(AND(H4=""OUI"", I4=""OUI"", J4=""OUI""), ""✅ COMPLET"", ""⚠️ À OPTIMISER"")"
4,La Maison du Château,Belesta,France,4.0,Publié (Conserver),"=IF(OR(E5<5, H5=""NON"", I5=""NON"", J5=""NON""), ""HAUTE"", ""MOYENNE"")",OUI,OUI,OUI,,Écran connecté,Voir,Voir,,, ,Belesta,,,18/04/2023,,04 68 50 30 10,contact@riberach.com,N/D,"=IF(AND(H5=""OUI"", I5=""OUI"", J5=""OUI""), ""✅ COMPLET"", ""⚠️ À OPTIMISER"")"
5,Domaine de Riberach,,,0,Publié (Conserver),"=IF(OR(E6<5, H6=""NON"", I6=""NON"", J6=""NON""), ""HAUTE"", ""MOYENNE"")",NON,NON,NON,,,,,,,,,66,,,En cours,N/D,N/D,N/D,"=IF(AND(H6=""OUI"", I6=""OUI"", J6=""OUI""), ""✅ COMPLET"", ""⚠️ À OPTIMISER"")"
6,Clos des Coustoulins,Lacoste,France,30.0,Publié (Conserver),"=IF(OR(E7<5, H7=""NON"", I7=""NON"", J7=""NON""), ""HAUTE"", ""MOYENNE"")",OUI,OUI,OUI,,Écran connecté,Voir,Voir,,, ,Lacoste,,,17/04/2023,,06 87 45 16 67 / 06 52 04 50 57,contact@closdescoustoulins.com,N/D,"=IF(AND(H7=""OUI"", I7=""OUI"", J7=""OUI""), ""✅ COMPLET"", ""⚠️ À OPTIMISER"")"
7,La Péniche Saint-Louis,Toulouse,France,8.0,A supprimer par CnC (Supprimer),"=IF(OR(E8<5, H8=""NON"", I8=""NON"", J8=""NON""), ""HAUTE"", ""MOYENNE"")",OUI,OUI,NON,, ,Voir,Voir,,, ,Toulouse,,,31/01/2024,,07 61 92 39 57,contact@peniche-saint-louis.fr,N/D,"=IF(AND(H8=""OUI"", I8=""OUI"", J8=""OUI""), ""✅ COMPLET"", ""⚠️ À OPTIMISER"")"
8,Bord de Garonne,Toulouse,France,NON,Non contacte,"=IF(OR(E9<5, H9=""NON"", I9=""NON"", J9=""NON""), ""HAUTE"", ""MOYENNE"")",NON,OUI,NON,, , ,Voir,,, ,Toulouse,,,17/04/2023,,N/D,N/D,N/D,"=IF(AND(H9=""OUI"", I9=""OUI"", J9=""OUI""), ""✅ COMPLET"", ""⚠️ À OPTIMISER"")"
9,Chalet Nantailly,Hauteluce,France,5.0,A décider (A appeler),"=IF(OR(E10<5, H10=""NON"", I10=""NON"", J10=""NON""), ""HAUTE"", ""MOYENNE"")",OUI,OUI,OUI,,Écran connecté,Voir,Voir,,, ,Hauteluce,,,17/04/2023,,+33 6 50 90 29 76,fabienne@chaletnantailly.fr,N/D,"=IF(AND(H10=""OUI"", I10=""OUI"", J10=""OUI""), ""✅ COMPLET"", ""⚠️ À OPTIMISER"")"
10,La Grange,Saint-Papoul,France,5.0,A décider (A appeler),"=IF(OR(E11<5, H11=""NON"", I11=""NON"", J11=""NON""), ""HAUTE"", ""MOYENNE"")",OUI,OUI,OUI,,Écran connecté,Voir,Voir,,, ,Saint-Papoul,,,11/05/2023,,06 40 63 88 61 / 06 19 86 55 88,gitesvillagesaintpapoul@gmail.com,N/D,"=IF(AND(H11=""OUI"", I11=""OUI"", J11=""OUI""), ""✅ COMPLET"", ""⚠️ À OPTIMISER"")"
11,Le Fafarua Lodge,Tikehau,Polynésie française,NON,A supprimer par CnC (Supprimer),"=IF(OR(E12<5, H12=""NON"", I12=""NON"", J12=""NON""), ""HAUTE"", ""MOYENNE"")",NON,OUI,NON,, , ,Voir,,, ,Tikehau,,,17/04/2023,,+689 87 23 02 02,contact@fafarualodge.com,N/D,"=IF(AND(H12=""OUI"", I12=""OUI"", J12=""OUI""), ""✅ COMPLET"", ""⚠️ À OPTIMISER"")"
12,L'Home à la mer,Pleubian,France,10.0,Publié (Conserver),"=IF(OR(E13<5, H13=""NON"", I13=""NON"", J13=""NON""), ""HAUTE"", ""MOYENNE"")",OUI,OUI,OUI,,Écran connecté,Voir,Voir,,, ,Pleubian,,,18/04/2023,,06 17 24 94 73,ahermann@mail.pf,N/D,"=IF(AND(H13=""OUI"", I13=""OUI"", J13=""OUI""), ""✅ COMPLET"", ""⚠️ À OPTIMISER"")"
13,Maison de la Baie de Cook,,,0,A décider (A appeler),"=IF(OR(E14<5, H14=""NON"", I14=""NON"", J14=""NON""), ""HAUTE"", ""MOYENNE"")",NON,NON,NON,,,,,,,,,98,,,En cours,N/D,N/D,N/D,"=IF(AND(H14=""OUI"", I14=""OUI"", J14=""OUI""), ""✅ COMPLET"", ""⚠️ À OPTIMISER"")"
14,Kom'Home,Pont-Croix,France,NON,NO GO,"=IF(OR(E15<5, H15=""NON"", I15=""NON"", J15=""NON""), ""HAUTE"", ""MOYENNE"")",NON,OUI,NON,, , ,Voir,,, ,Pont-Croix,,,17/04/2023,,06 65 98 14 76,N/D,N/D,"=IF(AND(H15=""OUI"", I15=""OUI"", J15=""OUI""), ""✅ COMPLET"", ""⚠️ À OPTIMISER"")"
15,Le Doux Nid,Chanaz,France,5.0,A décider (A appeler),"=IF(OR(E16<5, H16=""NON"", I16=""NON"", J16=""NON""), ""HAUTE"", ""MOYENNE"")",OUI,OUI,OUI,,Écran connecté,Voir,Voir,,, ,Chanaz,,,18/04/2023,,04 79 63 22 14,le.doux.nid@gmail.com,N/D,"=IF(AND(H16=""OUI"", I16=""OUI"", J16=""OUI""), ""✅ COMPLET"", ""⚠️ À OPTIMISER"")"
16,Dar Bounkhal,Asrir,Maroc,7.0,A décider (A appeler),"=IF(OR(E17<5, H17=""NON"", I17=""NON"", J17=""NON""), ""HAUTE"", ""MOYENNE"")",OUI,OUI,OUI,,Écran connecté,Voir,Voir,,, ,Asrir,,,17/04/2023,,+212 6 78 31 12 27 / +212 5 28 87 13 33,darbounkhal@gmail.com,N/D,"=IF(AND(H17=""OUI"", I17=""OUI"", J17=""OUI""), ""✅ COMPLET"", ""⚠️ À OPTIMISER"")"
17,Essaouira Lodge,Essaouira,Maroc,5.0,A décider (A appeler),"=IF(OR(E18<5, H18=""NON"", I18=""NON"", J18=""NON""), ""HAUTE"", ""MOYENNE"")",OUI,OUI,OUI,,Écran connecté,Voir,Voir,,, ,Essaouira,,,18/04/2023,,+212 525 072 107,contact@essaouira-lodge.com,N/D,"=IF(AND(H18=""OUI"", I18=""OUI"", J18=""OUI""), ""✅ COMPLET"", ""⚠️ À OPTIMISER"")"
18,Le Petit Hôtel du Flouka,Marrakech,Maroc,12.0,A décider (A appeler),"=IF(OR(E19<5, H19=""NON"", I19=""NON"", J19=""NON""), ""HAUTE"", ""MOYENNE"")",OUI,OUI,OUI,,Écran connecté,Voir,Voir,,, ,Marrakech,,,18/04/2023,,+212 6 64 49 26 60,leflouka@gmail.com,N/D,"=IF(AND(H19=""OUI"", I19=""OUI"", J19=""OUI""), ""✅ COMPLET"", ""⚠️ À OPTIMISER"")"
19,Riad Soleil du Monde,Amazraou,Maroc,4.0,A décider (A appeler),"=IF(OR(E20<5, H20=""NON"", I20=""NON"", J20=""NON""), ""HAUTE"", ""MOYENNE"")",OUI,OUI,OUI,,Écran connecté,Voir,Voir,,, ,Amazraou,,,11/05/2023,,+212 661 687 131,almalamzrou@yahoo.fr,N/D,"=IF(AND(H20=""OUI"", I20=""OUI"", J20=""OUI""), ""✅ COMPLET"", ""⚠️ À OPTIMISER"")"
20,Le Château de Valmy,Argelès-sur-Mer,France,7.0,A décider (A appeler),"=IF(OR(E21<5, H21=""NON"", I21=""NON"", J21=""NON""), ""HAUTE"", ""MOYENNE"")",OUI,OUI,OUI,, ,Voir,Voir,,, ,Argelès-sur-Mer,,,18/04/2023,,04 68 81 25 70,contact@chateau-valmy.com,N/D,"=IF(AND(H21=""OUI"", I21=""OUI"", J21=""OUI""), ""✅ COMPLET"", ""⚠️ À OPTIMISER"")"
21,La Magnanerie de Dions,Dions,France,12.0,Publié (Conserver),"=IF(OR(E22<5, H22=""NON"", I22=""NON"", J22=""NON""), ""HAUTE"", ""MOYENNE"")",OUI,OUI,OUI,,Écran connecté,Voir,Voir,,, ,Dions,,,18/04/2023,,06 80 20 90 66,lamagnaneriededions@gmail.com,N/D,"=IF(AND(H22=""OUI"", I22=""OUI"", J22=""OUI""), ""✅ COMPLET"", ""⚠️ À OPTIMISER"")"
22,Atlas Kasbah Ecolodge,Agadir,Maroc,NON,A décider (A appeler),"=IF(OR(E23<5, H23=""NON"", I23=""NON"", J23=""NON""), ""HAUTE"", ""MOYENNE"")",NON,OUI,OUI,,Écran connecté, ,Voir,,, ,Agadir,,,17/04/2023,,+212 661 488 504 / +212 662 188 889,contact@atlaskasbah.com,N/D,"=IF(AND(H23=""OUI"", I23=""OUI"", J23=""OUI""), ""✅ COMPLET"", ""⚠️ À OPTIMISER"")"
23,Ecogite La Nöe,,,0,Publié (Conserver),"=IF(OR(E24<5, H24=""NON"", I24=""NON"", J24=""NON""), ""HAUTE"", ""MOYENNE"")",NON,NON,NON,,,,,,,,,35,,,En cours,N/D,N/D,N/D,"=IF(AND(H24=""OUI"", I24=""OUI"", J24=""OUI""), ""✅ COMPLET"", ""⚠️ À OPTIMISER"")"
24,Domaine de l'Ocrerie,Pourrain,France,4.0,A décider (A appeler),"=IF(OR(E25<5, H25=""NON"", I25=""NON"", J25=""NON""), ""HAUTE"", ""MOYENNE"")",OUI,OUI,OUI,, ,Voir,Voir,,, ,Pourrain,,,17/04/2023,,+33 (0)6 07 35 10 80,contact@domainedelocrerie.com,N/D,"=IF(AND(H25=""OUI"", I25=""OUI"", J25=""OUI""), ""✅ COMPLET"", ""⚠️ À OPTIMISER"")"
25,Riad La Porte du Bouregreg,Sale,Maroc,5.0,A décider (A appeler),"=IF(OR(E26<5, H26=""NON"", I26=""NON"", J26=""NON""), ""HAUTE"", ""MOYENNE"")",OUI,OUI,OUI,, ,Voir,Voir,,, ,Sale,,,11/05/2023,,+212 6 11 34 35 50,riadlaportedubouregreg@gmail.com,N/D,"=IF(AND(H26=""OUI"", I26=""OUI"", J26=""OUI""), ""✅ COMPLET"", ""⚠️ À OPTIMISER"")"
26,La bergerie Ariegeoise,Trein D'ustou,France,20.0,Publié (Conserver),"=IF(OR(E27<5, H27=""NON"", I27=""NON"", J27=""NON""), ""HAUTE"", ""MOYENNE"")",OUI,OUI,OUI,,Écran connecté,Voir,Voir,,, ,Trein D'ustou,,,05/04/2023,,06 60 700 400,contact@my-happy.house,N/D,"=IF(AND(H27=""OUI"", I27=""OUI"", J27=""OUI""), ""✅ COMPLET"", ""⚠️ À OPTIMISER"")"
27,Chalet Hygge,Saint-Lary Soulan,France,14.0,Publié (Conserver),"=IF(OR(E28<5, H28=""NON"", I28=""NON"", J28=""NON""), ""HAUTE"", ""MOYENNE"")",OUI,OUI,OUI,,Écran connecté,Voir,Voir,,, ,Saint-Lary Soulan,,,07/04/2023,,+33 6 74 87 41 20,contact@locationshygge.com,N/D,"=IF(AND(H28=""OUI"", I28=""OUI"", J28=""OUI""), ""✅ COMPLET"", ""⚠️ À OPTIMISER"")"
28,Suite 785,Montauban,France,NON,NO GO (A supprimer),"=IF(OR(E29<5, H29=""NON"", I29=""NON"", J29=""NON""), ""HAUTE"", ""MOYENNE"")",NON,OUI,NON,, , ,Voir,,, ,,,, ,,06 58 41 67 00,contact@suite785-montauban.com,N/D,"=IF(AND(H29=""OUI"", I29=""OUI"", J29=""OUI""), ""✅ COMPLET"", ""⚠️ À OPTIMISER"")"
29,Natura Zome,Caylus,France,4.0,NO GO (A supprimer),"=IF(OR(E30<5, H30=""NON"", I30=""NON"", J30=""NON""), ""HAUTE"", ""MOYENNE"")",OUI,OUI,NON,, ,Voir,Voir,,, ,Caylus,,,06/04/2023,,06 07 88 11 98,naturazome@gmail.com,N/D,"=IF(AND(H30=""OUI"", I30=""OUI"", J30=""OUI""), ""✅ COMPLET"", ""⚠️ À OPTIMISER"")"
30,Les terrasses de l'oliu de l'oustalet,Castelsarrasin,France,5.0,NO GO,"=IF(OR(E31<5, H31=""NON"", I31=""NON"", J31=""NON""), ""HAUTE"", ""MOYENNE"")",OUI,OUI,NON,, ,Voir,Voir,,, ,Castelsarrasin,,,06/04/2023,,06 71 12 03 91,daniele.arfelis@gmail.com,N/D,"=IF(AND(H31=""OUI"", I31=""OUI"", J31=""OUI""), ""✅ COMPLET"", ""⚠️ À OPTIMISER"")"
31,Aux coteaux d'aussac,L'Honor-de-Cos,France,5.0,NO GO,"=IF(OR(E32<5, H32=""NON"", I32=""NON"", J32=""NON""), ""HAUTE"", ""MOYENNE"")",OUI,OUI,NON,, ,Voir,Voir,,, ,L'Honor-de-Cos,,,06/04/2023,,05 63 67 35 15 / 06 49 45 07 98,auxcoteauxdaussac@gmail.com,N/D,"=IF(AND(H32=""OUI"", I32=""OUI"", J32=""OUI""), ""✅ COMPLET"", ""⚠️ À OPTIMISER"")"
32,Le Domaine de la Rivalière,Albias,France,20.0,NO GO,"=IF(OR(E33<5, H33=""NON"", I33=""NON"", J33=""NON""), ""HAUTE"", ""MOYENNE"")",OUI,OUI,NON,, ,Voir,Voir,,, ,Albias,,,06/04/2023,,06 21 88 88 33 / 06 12 38 26 04,domaine.rivaliere@gmail.com,N/D,"=IF(AND(H33=""OUI"", I33=""OUI"", J33=""OUI""), ""✅ COMPLET"", ""⚠️ À OPTIMISER"")"
33,La grange de Valade,Saint-Antonin-Noble-Val,France,20.0,Publié (Conserver),"=IF(OR(E34<5, H34=""NON"", I34=""NON"", J34=""NON""), ""HAUTE"", ""MOYENNE"")",OUI,OUI,OUI,, ,Voir,Voir,,, ,Saint-Antonin-Noble-Val,,,07/04/2023,,06 07 60 14 61,N/D,N/D,"=IF(AND(H34=""OUI"", I34=""OUI"", J34=""OUI""), ""✅ COMPLET"", ""⚠️ À OPTIMISER"")"
34,Magic Bus,Fenouillet,France,NON,NO GO,"=IF(OR(E35<5, H35=""NON"", I35=""NON"", J35=""NON""), ""HAUTE"", ""MOYENNE"")",NON,OUI,NON,, , ,Voir,,, ,,,, ,,06 59 09 11 65,N/D,N/D,"=IF(AND(H35=""OUI"", I35=""OUI"", J35=""OUI""), ""✅ COMPLET"", ""⚠️ À OPTIMISER"")"
35,No GO - La grande maison Mazamet,Mazamet,France,NON,NO GO,"=IF(OR(E36<5, H36=""NON"", I36=""NON"", J36=""NON""), ""HAUTE"", ""MOYENNE"")",NON,OUI,NON,, , ,Voir,,, ,Mazamet,,,17/04/2023,,09 87 03 23 12 / 06 60 31 82 63,contact@lagrandemaisonmazamet.fr,N/D,"=IF(AND(H36=""OUI"", I36=""OUI"", J36=""OUI""), ""✅ COMPLET"", ""⚠️ À OPTIMISER"")"
36,Le chateau de verdalle,Verdalle,France,9.0,A décider (A appeler),"=IF(OR(E37<5, H37=""NON"", I37=""NON"", J37=""NON""), ""HAUTE"", ""MOYENNE"")",OUI,OUI,OUI,, ,Voir,Voir,,, ,Verdalle,,,07/04/2023,,06 37 68 35 94 / 05 63 71 09 45,chateaudeverdalle81@gmail.com,N/D,"=IF(AND(H37=""OUI"", I37=""OUI"", J37=""OUI""), ""✅ COMPLET"", ""⚠️ À OPTIMISER"")"
37,NO GO Gite de Loustalneve,Bourg-de-Visa,France,NON,NO GO Gite de Loustalneve,"=IF(OR(E38<5, H38=""NON"", I38=""NON"", J38=""NON""), ""HAUTE"", ""MOYENNE"")",NON,OUI,NON,, , ,Voir,,, ,,,, ,,07 82 37 20 95,N/D (Formulaire),N/D,"=IF(AND(H38=""OUI"", I38=""OUI"", J38=""OUI""), ""✅ COMPLET"", ""⚠️ À OPTIMISER"")"
38,NO GO - Chaleureux appartement,Toulouse,France,NON,NO GO - Chaleureux appartement,"=IF(OR(E39<5, H39=""NON"", I39=""NON"", J39=""NON""), ""HAUTE"", ""MOYENNE"")",NON,OUI,NON,, , ,Voir,,, ,Toulouse,,,17/04/2023,,N/D,N/D,N/D,"=IF(AND(H39=""OUI"", I39=""OUI"", J39=""OUI""), ""✅ COMPLET"", ""⚠️ À OPTIMISER"")"
39,Lou Papagai,Saint-Antonin-Noble-Val,France,17.0,Publié (Conserver),"=IF(OR(E40<5, H40=""NON"", I40=""NON"", J40=""NON""), ""HAUTE"", ""MOYENNE"")",OUI,OUI,OUI,, ,Voir,Voir,,, ,Saint-Antonin-Noble-Val,,,07/04/2023,,06 77 97 40 86 / 05 63 26 42 76,contact@loupapagai.com,N/D,"=IF(AND(H40=""OUI"", I40=""OUI"", J40=""OUI""), ""✅ COMPLET"", ""⚠️ À OPTIMISER"")"
40,Aux rives de la courtade,Rivière,France,5.0,NO GO,"=IF(OR(E41<5, H41=""NON"", I41=""NON"", J41=""NON""), ""HAUTE"", ""MOYENNE"")",OUI,OUI,NON,, ,Voir,Voir,,, ,Rivière,,,17/04/2023,,06 10 08 57 94 / 06 22 26 32 70,auxrivesdelacourtade@gmail.com,N/D,"=IF(AND(H41=""OUI"", I41=""OUI"", J41=""OUI""), ""✅ COMPLET"", ""⚠️ À OPTIMISER"")"
41,NO GO - Gîte du Pignou,,,,NO GO - Gîte du Pignou,"=IF(OR(E42<5, H42=""NON"", I42=""NON"", J42=""NON""), ""HAUTE"", ""MOYENNE"")","=IF(OR(E43<5, H43=""NON"", I43=""NON"", J43=""NON""), ""HAUTE"", ""MOYENNE"")",NON,OUI,NON,, , ,Voir,,, ,,,,,En cours,+33985039285 / +33616793807 / +33609452012,marc@siebens.fr,"=IF(AND(H42=""OUI"", I42=""OUI"", J42=""OUI""), ""✅ COMPLET"", ""⚠️ À OPTIMISER"")"
42,NO GO - La ville en rose,Colomiers,France,NON,NO GO - La ville en rose,"=IF(OR(E43<5, H43=""NON"", I43=""NON"", J43=""NON""), ""HAUTE"", ""MOYENNE"")",NON,OUI,NON,, , ,Voir,,, ,Colomiers,,,17/04/2023,,05 32 00 20 93,lavilleenrosetoulouse@gmail.com,N/D,"=IF(AND(H43=""OUI"", I43=""OUI"", J43=""OUI""), ""✅ COMPLET"", ""⚠️ À OPTIMISER"")"
43,NO GO L'alcove du 510,Montauban,France,NON,NO GO L'alcove du 510,"=IF(OR(E44<5, H44=""NON"", I44=""NON"", J44=""NON""), ""HAUTE"", ""MOYENNE"")",NON,OUI,NON,, , ,Voir,,, ,,,, ,,06 33 67 17 40,alcoveredu510@gmail.com,N/D,"=IF(AND(H44=""OUI"", I44=""OUI"", J44=""OUI""), ""✅ COMPLET"", ""⚠️ À OPTIMISER"")"
44,NO GO - Un air de famille,Faudoas,France,11.0,NO GO - Un air de famille,"=IF(OR(E45<5, H45=""NON"", I45=""NON"", J45=""NON""), ""HAUTE"", ""MOYENNE"")",OUI,OUI,NON,, ,Voir,Voir,,, ,Faudoas,,,09/05/2023,,06 73 22 20 55,giteunairdefamille@gmail.com,N/D,"=IF(AND(H45=""OUI"", I45=""OUI"", J45=""OUI""), ""✅ COMPLET"", ""⚠️ À OPTIMISER"")"
45,Les granges de l'abbaye,Ginals,France,15.0,Publié (Conserver),"=IF(OR(E46<5, H46=""NON"", I46=""NON"", J46=""NON""), ""HAUTE"", ""MOYENNE"")",OUI,OUI,OUI,, ,Voir,Voir,,, ,Ginals,,,01/06/2023,,07 87 20 71 90,contact@lesgrangesdelabbaye.com,N/D,"=IF(AND(H46=""OUI"", I46=""OUI"", J46=""OUI""), ""✅ COMPLET"", ""⚠️ À OPTIMISER"")"
46,NO GO - Le Flacon de la verrouille,Bruniquel,France,14.0,NO GO - Le Flacon de la verrouille,"=IF(OR(E47<5, H47=""NON"", I47=""NON"", J47=""NON""), ""HAUTE"", ""MOYENNE"")",OUI,OUI,NON,, ,Voir,Voir,,, ,Bruniquel,,,01/06/2023,,05 81 04 87 78 / 06 29 58 71 72,laverrouille@gmail.com,N/D,"=IF(AND(H47=""OUI"", I47=""OUI"", J47=""OUI""), ""✅ COMPLET"", ""⚠️ À OPTIMISER"")"
47,NO GO - Chez Sandrine,Cilaos,Réunion,NON,NO GO - Chez Sandrine,"=IF(OR(E48<5, H48=""NON"", I48=""NON"", J48=""NON""), ""HAUTE"", ""MOYENNE"")",NON,OUI,NON,, ,N/D,N/D,,, ,Cilaos,,,17/04/2023,,02 62 01 09 87 / 06 92 35 08 60,sandijoux@gmail.com,N/D,"=IF(AND(H48=""OUI"", I48=""OUI"", J48=""OUI""), ""✅ COMPLET"", ""⚠️ À OPTIMISER"")"
48,La Maison de Romain,Puycelsi,France,14.0,Publié (Conserver),"=IF(OR(E49<5, H49=""NON"", I49=""NON"", J49=""NON""), ""HAUTE"", ""MOYENNE"")",OUI,OUI,OUI,, ,Voir,Voir,,, ,Puycelsi,,,19/07/2023,,05 63 33 26 63 / 06 37 93 99 42,info@chateau-de-terride.com,N/D,"=IF(AND(H49=""OUI"", I49=""OUI"", J49=""OUI""), ""✅ COMPLET"", ""⚠️ À OPTIMISER"")"
49,Château de la Baronnie,Lafrançaise,France,16.0,Publié (Conserver),"=IF(OR(E50<5, H50=""NON"", I50=""NON"", J50=""NON""), ""HAUTE"", ""MOYENNE"")",OUI,OUI,NON,, ,Voir,Voir,,, ,Lafrançaise,,,19/07/2023,,06 81 56 61 92,chateaulabaronnie@gmail.com,N/D,"=IF(AND(H50=""OUI"", I50=""OUI"", J50=""OUI""), ""✅ COMPLET"", ""⚠️ À OPTIMISER"")"
50,Les coulisses du chateau,Nègrepelisse,France,20.0,Publié (Conserver),"=IF(OR(E51<5, H51=""NON"", I51=""NON"", J51=""NON""), ""HAUTE"", ""MOYENNE"")",OUI,OUI,OUI,, ,Voir,Voir,,, ,Nègrepelisse,,,23/10/2023,,06 84 60 05 86,lescoulissesduchateau@gmail.com,N/D,"=IF(AND(H51=""OUI"", I51=""OUI"", J51=""OUI""), ""✅ COMPLET"", ""⚠️ À OPTIMISER"")"
51,Kasalilou,Vignec,France,14.0,Publié (Conserver),"=IF(OR(E52<5, H52=""NON"", I52=""NON"", J52=""NON""), ""HAUTE"", ""MOYENNE"")",OUI,OUI,OUI,,Écran connecté,Voir,Voir,,, ,Vignec,,,26/10/2023,,06 10 92 33 24,contact@kasalilou.com,N/D,"=IF(AND(H52=""OUI"", I52=""OUI"", J52=""OUI""), ""✅ COMPLET"", ""⚠️ À OPTIMISER"")"
52,L'igloo,Vignec,France,13.0,Publié (Conserver),"=IF(OR(E53<5, H53=""NON"", I53=""NON"", J53=""NON""), ""HAUTE"", ""MOYENNE"")",OUI,OUI,OUI,,Écran connecté,Voir,Voir,,, ,Vignec,,,13/11/2023,,06 10 92 33 24,carole.totaro@sfr.fr,N/D,"=IF(AND(H53=""OUI"", I53=""OUI"", J53=""OUI""), ""✅ COMPLET"", ""⚠️ À OPTIMISER"")"
53,Arbiview,Grezian,France,27.0,Publié (Conserver),"=IF(OR(E54<5, H54=""NON"", I54=""NON"", J54=""NON""), ""HAUTE"", ""MOYENNE"")",OUI,OUI,OUI,,Écran connecté,Voir,Voir,,, ,Grezian,,,26/10/2023,,06 14 46 29 75 / 06 27 08 60 00,location@arbiview.com,N/D,"=IF(AND(H54=""OUI"", I54=""OUI"", J54=""OUI""), ""✅ COMPLET"", ""⚠️ À OPTIMISER"")"
54,L'accroche coeur,,,0,A décider (A appeler),"=IF(OR(E55<5, H55=""NON"", I55=""NON"", J55=""NON""), ""HAUTE"", ""MOYENNE"")",NON,NON,NON,,,,,,,,,35,,,En cours,N/D,N/D,N/D,"=IF(AND(H55=""OUI"", I55=""OUI"", J55=""OUI""), ""✅ COMPLET"", ""⚠️ À OPTIMISER"")"
55,Un jardin en ville,Toulouse,France,7.0,Publié (Conserver),"=IF(OR(E56<5, H56=""NON"", I56=""NON"", J56=""NON""), ""HAUTE"", ""MOYENNE"")",OUI,OUI,OUI,,Écran connecté,Voir,Voir,,, ,Toulouse,,,14/11/2023,,+33 6 98 00 25 32,N/D (Dreamsway),N/D,"=IF(AND(H56=""OUI"", I56=""OUI"", J56=""OUI""), ""✅ COMPLET"", ""⚠️ À OPTIMISER"")"
56,L'arche de moissac,Moissac,France,4.0,A supprimer par CnC (Supprimer),"=IF(OR(E57<5, H57=""NON"", I57=""NON"", J57=""NON""), ""HAUTE"", ""MOYENNE"")",OUI,OUI,NON,, ,Voir,Voir,,, ,Moissac,,,22/11/2023,,07 85 70 90 62,contact@arche-de-moissac.com,N/D,"=IF(AND(H57=""OUI"", I57=""OUI"", J57=""OUI""), ""✅ COMPLET"", ""⚠️ À OPTIMISER"")"
57,La maison Seignou,Azet,France,24.0,Publié (Conserver),"=IF(OR(E58<5, H58=""NON"", I58=""NON"", J58=""NON""), ""HAUTE"", ""MOYENNE"")",OUI,OUI,OUI,,Écran connecté,Voir,Voir,,, ,Azet,,,20/11/2023,,05 62 39 19 03,maisonseignou@gmail.com,N/D,"=IF(AND(H58=""OUI"", I58=""OUI"", J58=""OUI""), ""✅ COMPLET"", ""⚠️ À OPTIMISER"")"
58,Chalet Seignou,Azet,France,13.0,Publié (Conserver),"=IF(OR(E59<5, H59=""NON"", I59=""NON"", J59=""NON""), ""HAUTE"", ""MOYENNE"")",OUI,OUI,OUI,,Écran connecté,Voir,Voir,,, ,Azet,,,22/11/2023,,05 62 39 19 03 / 07 65 85 05 01,maisonseignou@gmail.com,N/D,"=IF(AND(H59=""OUI"", I59=""OUI"", J59=""OUI""), ""✅ COMPLET"", ""⚠️ À OPTIMISER"")"
59,Loft d'Oc,Fabrezan,France,32.0,Publié (Conserver),"=IF(OR(E60<5, H60=""NON"", I60=""NON"", J60=""NON""), ""HAUTE"", ""MOYENNE"")",OUI,OUI,OUI,,Écran connecté,Voir,Voir,,, ,Fabrezan,,,18/12/2023,,06 03 38 55 13 / 04 68 75 40 87,loftdoc@gmail.com,N/D,"=IF(AND(H60=""OUI"", I60=""OUI"", J60=""OUI""), ""✅ COMPLET"", ""⚠️ À OPTIMISER"")"
60,La pause noble val,Saint-Antonin-Noble-Val,France,NON,NO GO,"=IF(OR(E61<5, H61=""NON"", I61=""NON"", J61=""NON""), ""HAUTE"", ""MOYENNE"")",NON,OUI,NON,, , ,Voir,,, ,Saint-Antonin-Noble-Val,,,17/04/2023,,06 80 87 47 92,N/D (Formulaire),N/D,"=IF(AND(H61=""OUI"", I61=""OUI"", J61=""OUI""), ""✅ COMPLET"", ""⚠️ À OPTIMISER"")"
61,The Happy Hamlet,Fauroux,France,22.0,Publié (Conserver),"=IF(OR(E62<5, H62=""NON"", I62=""NON"", J62=""NON""), ""HAUTE"", ""MOYENNE"")",OUI,OUI,OUI,, ,Voir,Voir,,, ,Fauroux,,,18/12/2023,,+33 7 71 73 94 36,suska@thehappyhamlet.com,N/D,"=IF(AND(H62=""OUI"", I62=""OUI"", J62=""OUI""), ""✅ COMPLET"", ""⚠️ À OPTIMISER"")"
62,La colline de Boutiès,Labarthe,France,NON,NO GO,"=IF(OR(E63<5, H63=""NON"", I63=""NON"", J63=""NON""), ""HAUTE"", ""MOYENNE"")",NON,OUI,NON,, , ,Voir,,, ,,,, ,,05 63 67 83 50,contact@collinedebouties.com,N/D,"=IF(AND(H63=""OUI"", I63=""OUI"", J63=""OUI""), ""✅ COMPLET"", ""⚠️ À OPTIMISER"")"
63,NO GO - La colonelle,Vignec,France,8.0,NO GO - La colonelle,"=IF(OR(E64<5, H64=""NON"", I64=""NON"", J64=""NON""), ""HAUTE"", ""MOYENNE"")",OUI,OUI,NON,, ,Voir,Voir,,, ,Vignec,,,23/01/2024,,05 62 39 50 88,accueil@vignec.fr,N/D,"=IF(AND(H64=""OUI"", I64=""OUI"", J64=""OUI""), ""✅ COMPLET"", ""⚠️ À OPTIMISER"")"
64,NO GO - La ferme du Mounet,Eauze,France,NON,NO GO - La ferme du Mounet,"=IF(OR(E65<5, H65=""NON"", I65=""NON"", J65=""NON""), ""HAUTE"", ""MOYENNE"")",NON,OUI,NON,, , ,Voir,,, ,Eauze,,,17/04/2023,,05 62 09 82 85,contact@ferme-de-mounet.com,N/D,"=IF(AND(H65=""OUI"", I65=""OUI"", J65=""OUI""), ""✅ COMPLET"", ""⚠️ À OPTIMISER"")"
65,L'ecritvin,,,0,A décider (A appeler),"=IF(OR(E66<5, H66=""NON"", I66=""NON"", J66=""NON""), ""HAUTE"", ""MOYENNE"")",NON,NON,NON,,,,,,,,,11,,,En cours,N/D,N/D,N/D,"=IF(AND(H66=""OUI"", I66=""OUI"", J66=""OUI""), ""✅ COMPLET"", ""⚠️ À OPTIMISER"")"
66,La jolie vie,Le Buisson de Cadouin,France,21.0,Publié (Conserver),"=IF(OR(E67<5, H67=""NON"", I67=""NON"", J67=""NON""), ""HAUTE"", ""MOYENNE"")",OUI,OUI,OUI,, ,Voir,Voir,,, ,Le Buisson de Cadouin,,,16/05/2024,,06 70 10 00 05 / 06 09 41 09 10,bienvenue@lajolievie.fr,N/D,"=IF(AND(H67=""OUI"", I67=""OUI"", J67=""OUI""), ""✅ COMPLET"", ""⚠️ À OPTIMISER"")"
67,La Bastide Rouge,Saint-Geniès-Bellevue,France,14.0,A décider (A appeler),"=IF(OR(E68<5, H68=""NON"", I68=""NON"", J68=""NON""), ""HAUTE"", ""MOYENNE"")",OUI,OUI,OUI,, ,Voir,Voir,,, ,Saint-Geniès-Bellevue,,,31/01/2024,,06 80 80 72 87,olivia.geoffroy@yahoo.fr,N/D,"=IF(AND(H68=""OUI"", I68=""OUI"", J68=""OUI""), ""✅ COMPLET"", ""⚠️ À OPTIMISER"")"
68,Les hauts de Jeanvert,Gaillac,France,23.0,Publié (Conserver),"=IF(OR(E69<5, H69=""NON"", I69=""NON"", J69=""NON""), ""HAUTE"", ""MOYENNE"")",OUI,OUI,OUI,, ,Voir,Voir,,, ,Gaillac,,,26/02/2024,,07 80 16 15 27,contact@leshautsdejeanvert.fr,N/D,"=IF(AND(H69=""OUI"", I69=""OUI"", J69=""OUI""), ""✅ COMPLET"", ""⚠️ À OPTIMISER"")"
69,NO GO - Le boudoir d'Olympe,Montauban,France,13.0,NO GO - Le boudoir d'Olympe,"=IF(OR(E70<5, H70=""NON"", I70=""NON"", J70=""NON""), ""HAUTE"", ""MOYENNE"")",OUI,OUI,NON,, ,Voir,Voir,,, ,Montauban,,,26/02/2024,,06 75 64 81 55,leboudoirdolympe@gmail.com,N/D,"=IF(AND(H70=""OUI"", I70=""OUI"", J70=""OUI""), ""✅ COMPLET"", ""⚠️ À OPTIMISER"")"
70,Le chateau d'Aigrefeuille,Aigrefeuille,France,21.0,Publié (Conserver),"=IF(OR(E71<5, H71=""NON"", I71=""NON"", J71=""NON""), ""HAUTE"", ""MOYENNE"")",OUI,OUI,OUI,,Écran connecté,Voir,Voir,,, ,Aigrefeuille,,,14/03/2024,,+33 6 11 31 36 28,chateaudaigrefeuille31@gmail.com,N/D,"=IF(AND(H71=""OUI"", I71=""OUI"", J71=""OUI""), ""✅ COMPLET"", ""⚠️ À OPTIMISER"")"
71,Les gîtes du Daudou,Septfonds,France,17.0,Publié (Conserver),"=IF(OR(E72<5, H72=""NON"", I72=""NON"", J72=""NON""), ""HAUTE"", ""MOYENNE"")",OUI,OUI,OUI,, ,Voir,Voir,,, ,Septfonds,,,21/03/2024,,06 25 65 24 85,gitesdudaudou@yahoo.com,N/D,"=IF(AND(H72=""OUI"", I72=""OUI"", J72=""OUI""), ""✅ COMPLET"", ""⚠️ À OPTIMISER"")"
72,Domaine de Joucla,Alzonne,France,17.0,A décider (A appeler),"=IF(OR(E73<5, H73=""NON"", I73=""NON"", J73=""NON""), ""HAUTE"", ""MOYENNE"")",OUI,OUI,OUI,, ,Voir,Voir,,, ,Alzonne,,,28/02/2024,,06 03 38 55 13,davidjdd@neuf.fr,N/D,"=IF(AND(H73=""OUI"", I73=""OUI"", J73=""OUI""), ""✅ COMPLET"", ""⚠️ À OPTIMISER"")"
73,Le refuge toulousain,Toulouse,France,15.0,Publié (Conserver),"=IF(OR(E74<5, H74=""NON"", I74=""NON"", J74=""NON""), ""HAUTE"", ""MOYENNE"")",OUI,OUI,OUI,, ,Voir,Voir,,, ,Toulouse,,,06/03/2024,,07 69 77 64 60,lucas@monsieurspot.fr,N/D,"=IF(AND(H74=""OUI"", I74=""OUI"", J74=""OUI""), ""✅ COMPLET"", ""⚠️ À OPTIMISER"")"
74,NO GO - La Ferme de Miramont,Miramont-Sensacq,France,NON,NO GO - La Ferme de Miramont,"=IF(OR(E75<5, H75=""NON"", I75=""NON"", J75=""NON""), ""HAUTE"", ""MOYENNE"")",NON,OUI,NON,, , ,Voir,,, ,Miramont-Sensacq,,,17/04/2023,,05 58 79 94 93 / 06 84 78 07 25,contact@lafermedemarsan.com,N/D,"=IF(AND(H75=""OUI"", I75=""OUI"", J75=""OUI""), ""✅ COMPLET"", ""⚠️ À OPTIMISER"")"
75,Chateau St jacques D'albas,Laure-Minervois,France,19.0,Publié (Conserver),"=IF(OR(E76<5, H76=""NON"", I76=""NON"", J76=""NON""), ""HAUTE"", ""MOYENNE"")",OUI,OUI,OUI,, ,Voir,Voir,,, ,Laure-Minervois,,,21/03/2024,,04 68 78 24 82,info@chateaustjacques.com,N/D,"=IF(AND(H76=""OUI"", I76=""OUI"", J76=""OUI""), ""✅ COMPLET"", ""⚠️ À OPTIMISER"")"
76,L'atelier,Alzonne,France,10.0,A décider (A appeler),"=IF(OR(E77<5, H77=""NON"", I77=""NON"", J77=""NON""), ""HAUTE"", ""MOYENNE"")",OUI,OUI,OUI,,Écran connecté,Voir,Voir,,, ,Alzonne,,,17/04/2024,,06 22 94 60 46 / 06 12 89 05 69,anne.rigaud63@gmail.com,N/D,"=IF(AND(H77=""OUI"", I77=""OUI"", J77=""OUI""), ""✅ COMPLET"", ""⚠️ À OPTIMISER"")"
77,Château les Estournels,Lendou en Quercy,France,52.0,Publié (Conserver),"=IF(OR(E78<5, H78=""NON"", I78=""NON"", J78=""NON""), ""HAUTE"", ""MOYENNE"")",OUI,OUI,OUI,, ,Voir,Voir,,, ,Lendou en Quercy,,,12/04/2024,,07 83 23 39 36,chateaulesestournels@gmail.com,N/D,"=IF(AND(H78=""OUI"", I78=""OUI"", J78=""OUI""), ""✅ COMPLET"", ""⚠️ À OPTIMISER"")"
78,Coeur de vigne - L'Écrin de la cité,,,0,Publié (Conserver),"=IF(OR(E79<5, H79=""NON"", I79=""NON"", J79=""NON""), ""HAUTE"", ""MOYENNE"")",NON,NON,NON,,,,,,,,,11,,,En cours,N/D,N/D,N/D,"=IF(AND(H79=""OUI"", I79=""OUI"", J79=""OUI""), ""✅ COMPLET"", ""⚠️ À OPTIMISER"")"
79,Grand panorama - L'Écrin de la cité,,,0,Publié (Conserver),"=IF(OR(E80<5, H80=""NON"", I80=""NON"", J80=""NON""), ""HAUTE"", ""MOYENNE"")",NON,NON,NON,,,,,,,,,11,,,En cours,N/D,N/D,N/D,"=IF(AND(H80=""OUI"", I80=""OUI"", J80=""OUI""), ""✅ COMPLET"", ""⚠️ À OPTIMISER"")"
80,La maison des artistes,Aragon,France,20.0,Publié (Conserver),"=IF(OR(E81<5, H81=""NON"", I81=""NON"", J81=""NON""), ""HAUTE"", ""MOYENNE"")",OUI,OUI,OUI,, ,Voir,Voir,,, ,Aragon,,,14/05/2024,,04 68 11 40 70,contact.11@gites-sud.fr,N/D,"=IF(AND(H81=""OUI"", I81=""OUI"", J81=""OUI""), ""✅ COMPLET"", ""⚠️ À OPTIMISER"")"
81,Le manoir d'amiel,Villegailhenc,France,20.0,A décider (A appeler),"=IF(OR(E82<5, H82=""NON"", I82=""NON"", J82=""NON""), ""HAUTE"", ""MOYENNE"")",OUI,OUI,OUI,, ,Voir,Voir,,, ,Villegailhenc,,,14/05/2024,,06 88 57 16 21,manoiramiel@gmail.com,N/D,"=IF(AND(H82=""OUI"", I82=""OUI"", J82=""OUI""), ""✅ COMPLET"", ""⚠️ À OPTIMISER"")"
82,Les 3 anges de Sigean,Sigean,France,21.0,A décider (A appeler),"=IF(OR(E83<5, H83=""NON"", I83=""NON"", J83=""NON""), ""HAUTE"", ""MOYENNE"")",OUI,OUI,OUI,,Écran connecté,Voir,Voir,,, ,Sigean,,,27/05/2024,,06 47 06 23 93,les3angesdesigean@gmail.com,N/D,"=IF(AND(H83=""OUI"", I83=""OUI"", J83=""OUI""), ""✅ COMPLET"", ""⚠️ À OPTIMISER"")"
83,Castel Bois Marie,Montauban,France,20.0,Publié (Conserver),"=IF(OR(E84<5, H84=""NON"", I84=""NON"", J84=""NON""), ""HAUTE"", ""MOYENNE"")",OUI,OUI,OUI,, ,Voir,Voir,,, ,Montauban,,,13/05/2024,,05 63 66 74 60 / 06 20 93 44 70,castel.boismarie@gmail.com,N/D,"=IF(AND(H84=""OUI"", I84=""OUI"", J84=""OUI""), ""✅ COMPLET"", ""⚠️ À OPTIMISER"")"
84,Le domaine du chateau Marquefave,,,0,Publié (Conserver),"=IF(OR(E85<5, H85=""NON"", I85=""NON"", J85=""NON""), ""HAUTE"", ""MOYENNE"")",NON,NON,NON,,,,,,,,,31,,,En cours,N/D,N/D,N/D,"=IF(AND(H85=""OUI"", I85=""OUI"", J85=""OUI""), ""✅ COMPLET"", ""⚠️ À OPTIMISER"")"
85,L'ostalada 46,Reilhaguet,France,10.0,Publié (Conserver),"=IF(OR(E86<5, H86=""NON"", I86=""NON"", J86=""NON""), ""HAUTE"", ""MOYENNE"")",OUI,OUI,OUI,, ,Voir,Voir,,, ,Reilhaguet,,,16/05/2024,,+33 6 75 60 23 20,info@ostalada46.fr,N/D,"=IF(AND(H86=""OUI"", I86=""OUI"", J86=""OUI""), ""✅ COMPLET"", ""⚠️ À OPTIMISER"")"
86,Villa Maskali,Cuxac D'aude,France,26.0,A décider (A appeler),"=IF(OR(E87<5, H87=""NON"", I87=""NON"", J87=""NON""), ""HAUTE"", ""MOYENNE"")",OUI,OUI,OUI,,Écran connecté,Voir,Voir,,, ,Cuxac D'aude,,,05/06/2024,,+33 6 33 87 99 91,contact@villamaskali.com,N/D,"=IF(AND(H87=""OUI"", I87=""OUI"", J87=""OUI""), ""✅ COMPLET"", ""⚠️ À OPTIMISER"")"
87,Maison Agave,,,0,A supprimer par CnC (A supprimer),"=IF(OR(E88<5, H88=""NON"", I88=""NON"", J88=""NON""), ""HAUTE"", ""MOYENNE"")",NON,NON,NON,,,,,,,,,11,,,En cours,N/D,N/D,N/D,"=IF(AND(H88=""OUI"", I88=""OUI"", J88=""OUI""), ""✅ COMPLET"", ""⚠️ À OPTIMISER"")"
88,Villa Kalia,Puygaillard de Lomagne,France,20.0,A décider (A appeler),"=IF(OR(E89<5, H89=""NON"", I89=""NON"", J89=""NON""), ""HAUTE"", ""MOYENNE"")",OUI,OUI,OUI,, ,Voir,Voir,,, ,Puygaillard de Lomagne,,,10/06/2024,,06 61 35 46 41,nicolascarboni2a@gmail.com,N/D,"=IF(AND(H89=""OUI"", I89=""OUI"", J89=""OUI""), ""✅ COMPLET"", ""⚠️ À OPTIMISER"")"
89,La maison des douceurs,Bussang,France,20.0,A décider (A appeler),"=IF(OR(E90<5, H90=""NON"", I90=""NON"", J90=""NON""), ""HAUTE"", ""MOYENNE"")",OUI,OUI,OUI,, ,Voir,Voir,,, ,Bussang,,,18/06/2024,,06 75 64 37 12,alain@lamaisondesdouceurs.fr,N/D,"=IF(AND(H90=""OUI"", I90=""OUI"", J90=""OUI""), ""✅ COMPLET"", ""⚠️ À OPTIMISER"")"
90,L'annicha,Montpezat-de-Quercy,France,21.0,Publié (Conserver),"=IF(OR(E91<5, H91=""NON"", I91=""NON"", J91=""NON""), ""HAUTE"", ""MOYENNE"")",OUI,OUI,OUI,, ,Voir,Voir,,, ,Montpezat-de-Quercy,,,18/06/2024,,+33 (0)7 52 55 00 97,info@lannicha.com,N/D,"=IF(AND(H91=""OUI"", I91=""OUI"", J91=""OUI""), ""✅ COMPLET"", ""⚠️ À OPTIMISER"")"
91,Ô trois Puits,Laburgade,France,11.0,Publié (Conserver),"=IF(OR(E92<5, H92=""NON"", I92=""NON"", J92=""NON""), ""HAUTE"", ""MOYENNE"")",OUI,OUI,OUI,, ,Voir,Voir,,, ,Laburgade,,,18/06/2024,,07 52 63 20 55,otroispuits@gmail.com,N/D,"=IF(AND(H92=""OUI"", I92=""OUI"", J92=""OUI""), ""✅ COMPLET"", ""⚠️ À OPTIMISER"")"
92,La Maison des Arcades,Verdun-sur-Garonne,France,NON,NO GO,"=IF(OR(E93<5, H93=""NON"", I93=""NON"", J93=""NON""), ""HAUTE"", ""MOYENNE"")",NON,OUI,NON,, , ,Voir,,, ,Verdun-sur-Garonne,,,17/04/2023,,06 88 55 09 03,N/D,N/D,"=IF(AND(H93=""OUI"", I93=""OUI"", J93=""OUI""), ""✅ COMPLET"", ""⚠️ À OPTIMISER"")"
93,D'ici et d'ailleurs,Baulou,France,21.0,Publié (Conserver),"=IF(OR(E94<5, H94=""NON"", I94=""NON"", J94=""NON""), ""HAUTE"", ""MOYENNE"")",OUI,OUI,OUI,, ,Voir,Voir,,, ,Baulou,,,03/07/2024,,+33 6 78 66 05 84,contact@legitedicietdailleurs.com,N/D,"=IF(AND(H94=""OUI"", I94=""OUI"", J94=""OUI""), ""✅ COMPLET"", ""⚠️ À OPTIMISER"")"
94,Villa Musha,Pin-Balma,France,21.0,Non contacte,"=IF(OR(E95<5, H95=""NON"", I95=""NON"", J95=""NON""), ""HAUTE"", ""MOYENNE"")",OUI,OUI,OUI,, ,Voir,Voir,,, ,Pin-Balma,,,03/07/2024,,+33 6 80 90 49 71,bcbg1@hotmail.com,N/D,"=IF(AND(H95=""OUI"", I95=""OUI"", J95=""OUI""), ""✅ COMPLET"", ""⚠️ À OPTIMISER"")"
95,Villa Leva,Leucate,France,11.0,A décider (jamais publié),"=IF(OR(E96<5, H96=""NON"", I96=""NON"", J96=""NON""), ""HAUTE"", ""MOYENNE"")",OUI,OUI,OUI,, ,Voir,Voir,,, ,Leucate,,,16/07/2024,,06 28 80 44 68,franck.martin.lp@hotmail.fr,N/D,"=IF(AND(H96=""OUI"", I96=""OUI"", J96=""OUI""), ""✅ COMPLET"", ""⚠️ À OPTIMISER"")"
96,L'ecrin sous les chênes,Gradignan,France,5.0,A décider (A appeler),"=IF(OR(E97<5, H97=""NON"", I97=""NON"", J97=""NON""), ""HAUTE"", ""MOYENNE"")",OUI,OUI,OUI,, ,Voir,Voir,,, ,Gradignan,,,16/07/2024,,06 77 31 03 58,contact@ecrinsousleschenes.com,N/D,"=IF(AND(H97=""OUI"", I97=""OUI"", J97=""OUI""), ""✅ COMPLET"", ""⚠️ À OPTIMISER"")"
97,NO GO  Autrement lieux de pause,Carnac,France,NON,NO GO  Autrement lieux de pause,"=IF(OR(E98<5, H98=""NON"", I98=""NON"", J98=""NON""), ""HAUTE"", ""MOYENNE"")",NON,OUI,NON,, , ,Voir,,, ,,,, ,,06 82 83 19 08,guezello.francoise56@orange.fr,N/D,"=IF(AND(H98=""OUI"", I98=""OUI"", J98=""OUI""), ""✅ COMPLET"", ""⚠️ À OPTIMISER"")"
98,4U Bed & Spa,Opoul-Perillos,France,1.0,Publié (Conserver),"=IF(OR(E99<5, H99=""NON"", I99=""NON"", J99=""NON""), ""HAUTE"", ""MOYENNE"")",OUI,OUI,OUI,, ,Voir,Voir,,, ,Opoul-Perillos,,,26/07/2024,,+33 6 01 79 38 62,4ubedspa@gmail.com,N/D,"=IF(AND(H99=""OUI"", I99=""OUI"", J99=""OUI""), ""✅ COMPLET"", ""⚠️ À OPTIMISER"")"
99,Le grand bassin,Castelnaudary,France,14.0,Publié (Conserver),"=IF(OR(E100<5, H100=""NON"", I100=""NON"", J100=""NON""), ""HAUTE"", ""MOYENNE"")",OUI,OUI,OUI,, ,Voir,Voir,,, ,Castelnaudary,,,26/09/2024,,07 67 95 35 88,legrandbassin@outlook.fr,N/D,"=IF(AND(H100=""OUI"", I100=""OUI"", J100=""OUI""), ""✅ COMPLET"", ""⚠️ À OPTIMISER"")"
100,Madame les Vans,Les Vans,France,15.0,A supprimer par CnC (Supprimer),"=IF(OR(E101<5, H101=""NON"", I101=""NON"", J101=""NON""), ""HAUTE"", ""MOYENNE"")",OUI,OUI,NON,, ,Voir,Voir,,, ,Les Vans,,,26/09/2024,,06 58 10 27 79,madamelesvans@gmail.com,N/D,"=IF(AND(H101=""OUI"", I101=""OUI"", J101=""OUI""), ""✅ COMPLET"", ""⚠️ À OPTIMISER"")"
101,Appartements Chalande,Toulouse,France,15.0,A supprimer par CnC (Supprimer),"=IF(OR(E102<5, H102=""NON"", I102=""NON"", J102=""NON""), ""HAUTE"", ""MOYENNE"")",OUI,OUI,NON,, ,Voir,Voir,,, ,Toulouse,,,04/02/2025,,07 56 91 06 06,lesrelaisducapitole@gmail.com,N/D,"=IF(AND(H102=""OUI"", I102=""OUI"", J102=""OUI""), ""✅ COMPLET"", ""⚠️ À OPTIMISER"")"
102,Propriété Cervantes,Toulouse,France,9.0,A supprimer par CnC (Supprimer),"=IF(OR(E103<5, H103=""NON"", I103=""NON"", J103=""NON""), ""HAUTE"", ""MOYENNE"")",OUI,NON,NON,, ,Voir, ,,, ,Toulouse,,,29/01/2025,,07 79 77 75 13,mprohr.france@gmail.com,N/D,"=IF(AND(H103=""OUI"", I103=""OUI"", J103=""OUI""), ""✅ COMPLET"", ""⚠️ À OPTIMISER"")"
103,Maison 56,,,0,A décider (A appeler),"=IF(OR(E104<5, H104=""NON"", I104=""NON"", J104=""NON""), ""HAUTE"", ""MOYENNE"")",NON,NON,NON,,,,,,,,,41,,,En cours,N/D,N/D,N/D,"=IF(AND(H104=""OUI"", I104=""OUI"", J104=""OUI""), ""✅ COMPLET"", ""⚠️ À OPTIMISER"")"
104,Les Hauts de Rebelliou,Flourens,France,NON,A décider (A appeler),"=IF(OR(E105<5, H105=""NON"", I105=""NON"", J105=""NON""), ""HAUTE"", ""MOYENNE"")",NON,OUI,NON,, , ,Voir,,, ,,,, ,,06 64 56 61 50,contact@leshautsdurebeillou.com,N/D,"=IF(AND(H105=""OUI"", I105=""OUI"", J105=""OUI""), ""✅ COMPLET"", ""⚠️ À OPTIMISER"")"
105,Chez Pepe Merle,Paris,France,22.0,Publié (Conserver),"=IF(OR(E106<5, H106=""NON"", I106=""NON"", J106=""NON""), ""HAUTE"", ""MOYENNE"")",OUI,OUI,OUI,, ,Voir,Voir,,, ,Paris,,,17/10/2024,,06 61 44 60 15,bienvenue@chezpepemerle.fr,N/D,"=IF(AND(H106=""OUI"", I106=""OUI"", J106=""OUI""), ""✅ COMPLET"", ""⚠️ À OPTIMISER"")"
106,LBDR,Sauvagnon,France,NON,Publié (Conserver),"=IF(OR(E107<5, H107=""NON"", I107=""NON"", J107=""NON""), ""HAUTE"", ""MOYENNE"")",NON,OUI,NON,, , ,Voir,,, ,Sauvagnon,,,17/04/2023,,06 51 01 77 75,lbdr@sfr.fr,N/D,"=IF(AND(H107=""OUI"", I107=""OUI"", J107=""OUI""), ""✅ COMPLET"", ""⚠️ À OPTIMISER"")"
107,NO GO - Manoir la Perrière,,,0,NO GO - Manoir la Perrière,"=IF(OR(E108<5, H108=""NON"", I108=""NON"", J108=""NON""), ""HAUTE"", ""MOYENNE"")",NON,NON,NON,,,,,,,,,45,,,En cours,N/D,N/D,N/D,"=IF(AND(H108=""OUI"", I108=""OUI"", J108=""OUI""), ""✅ COMPLET"", ""⚠️ À OPTIMISER"")"
108,Moulin de Bouqueuil,SAINT LUBIN EN VERGONNOIS,France,17.0,A décider (A appeler),"=IF(OR(E109<5, H109=""NON"", I109=""NON"", J109=""NON""), ""HAUTE"", ""MOYENNE"")",OUI,OUI,OUI,, ,Voir,Voir,,, ,SAINT LUBIN EN VERGONNOIS,,,13/11/2024,,06 88 30 88 47,lemoulindebouqueuil@orange.fr,N/D,"=IF(AND(H109=""OUI"", I109=""OUI"", J109=""OUI""), ""✅ COMPLET"", ""⚠️ À OPTIMISER"")"
109,Bonfarto Locations,Urval,France,13.0,A décider (A appeler),"=IF(OR(E110<5, H110=""NON"", I110=""NON"", J110=""NON""), ""HAUTE"", ""MOYENNE"")",OUI,OUI,OUI,, ,Voir,Voir,,, ,Urval,,,18/12/2024,,+33681046468 / +33428382530,legouzot.urval@gmail.com,info@entegraps.eu,"=IF(AND(H110=""OUI"", I110=""OUI"", J110=""OUI""), ""✅ COMPLET"", ""⚠️ À OPTIMISER"")"
110,La planque des supers heros,,,0,A décider (A appeler),"=IF(OR(E111<5, H111=""NON"", I111=""NON"", J111=""NON""), ""HAUTE"", ""MOYENNE"")",NON,NON,NON,,,,,,,,,47,,,En cours,N/D,N/D,N/D,"=IF(AND(H111=""OUI"", I111=""OUI"", J111=""OUI""), ""✅ COMPLET"", ""⚠️ À OPTIMISER"")"
111,Le Hameau du Perrat,Lion-en-Sullias,France,10.0,A décider (A appeler),"=IF(OR(E112<5, H112=""NON"", I112=""NON"", J112=""NON""), ""HAUTE"", ""MOYENNE"")",OUI,OUI,OUI,, ,Voir,Voir,,, ,Lion-en-Sullias,,,20/12/2024,,06 10 15 06 62,Lehameau@s-o-l.fr,N/D,"=IF(AND(H112=""OUI"", I112=""OUI"", J112=""OUI""), ""✅ COMPLET"", ""⚠️ À OPTIMISER"")"
112,Terra Rosa,Castelnau-de-Lévis,France,15.0,Publié (Conserver),"=IF(OR(E113<5, H113=""NON"", I113=""NON"", J113=""NON""), ""HAUTE"", ""MOYENNE"")",OUI,OUI,NON,, ,Voir,Voir,,, ,Toulouse,,,13/02/2025,,06 50 62 18 21,mnfevents81@gmail.com,N/D,"=IF(AND(H113=""OUI"", I113=""OUI"", J113=""OUI""), ""✅ COMPLET"", ""⚠️ À OPTIMISER"")"
113,Demeure Arcane,,,0,Publié (Conserver),"=IF(OR(E114<5, H114=""NON"", I114=""NON"", J114=""NON""), ""HAUTE"", ""MOYENNE"")",NON,NON,NON,,,,,,,,,31,,,En cours,N/D,N/D,N/D,"=IF(AND(H114=""OUI"", I114=""OUI"", J114=""OUI""), ""✅ COMPLET"", ""⚠️ À OPTIMISER"")"
114,Vanille Bourbon,Montauban,France,16.0,Publié (Conserver),"=IF(OR(E115<5, H115=""NON"", I115=""NON"", J115=""NON""), ""HAUTE"", ""MOYENNE"")",OUI,OUI,OUI,, ,Voir,Voir,,, ,Montauban,,,07/04/2025,,06 76 13 18 99,vanillebourbon82@gmail.com,N/D,"=IF(AND(H115=""OUI"", I115=""OUI"", J115=""OUI""), ""✅ COMPLET"", ""⚠️ À OPTIMISER"")"
115,La Charmeraie,Thésée,France,10.0,Publié (Conserver),"=IF(OR(E116<5, H116=""NON"", I116=""NON"", J116=""NON""), ""HAUTE"", ""MOYENNE"")",OUI,OUI,OUI,, ,Voir,Voir,,, ,Thésée,,,19/03/2025,,06 58 13 45 86,N/D (Formulaire),N/D,"=IF(AND(H116=""OUI"", I116=""OUI"", J116=""OUI""), ""✅ COMPLET"", ""⚠️ À OPTIMISER"")"
116,La maison d'Elhora,Montréal-Les-Sources,France,19.0,Publié (Conserver),"=IF(OR(E117<5, H117=""NON"", I117=""NON"", J117=""NON""), ""HAUTE"", ""MOYENNE"")",OUI,OUI,OUI,, ,Voir,Voir,,, ,Montréal-Les-Sources,,,24/03/2025,,+33428382530,info@entegraps.eu,N/D,"=IF(AND(H117=""OUI"", I117=""OUI"", J117=""OUI""), ""✅ COMPLET"", ""⚠️ À OPTIMISER"")"
117,Chalet le Vertical,Les 2 Alpes,France,25.0,Publié (Conserver),"=IF(OR(E118<5, H118=""NON"", I118=""NON"", J118=""NON""), ""HAUTE"", ""MOYENNE"")",OUI,OUI,OUI,, ,Voir,Voir,,, ,Les 2 Alpes,,,24/03/2025,,+33428382530,info@entegraps.eu,N/D,"=IF(AND(H118=""OUI"", I118=""OUI"", J118=""OUI""), ""✅ COMPLET"", ""⚠️ À OPTIMISER"")"
118,Le moulin de la Brevette,Arbigny,France,7.0,Publié (Conserver),"=IF(OR(E119<5, H119=""NON"", I119=""NON"", J119=""NON""), ""HAUTE"", ""MOYENNE"")",OUI,OUI,OUI,, ,Voir,Voir,,, ,Arbigny,,,10/04/2025,,03 85 36 49 27,reception@moulindelabrevette.com,N/D,"=IF(AND(H119=""OUI"", I119=""OUI"", J119=""OUI""), ""✅ COMPLET"", ""⚠️ À OPTIMISER"")"
119,La ferme du voyageur,La Salle les Alpes,France,14.0,Publié (Conserver),"=IF(OR(E120<5, H120=""NON"", I120=""NON"", J120=""NON""), ""HAUTE"", ""MOYENNE"")",OUI,OUI,OUI,, ,Voir,Voir,,, ,La Salle les Alpes,,,23/04/2025,,+33428382530,info@entegraps.eu,N/D,"=IF(AND(H120=""OUI"", I120=""OUI"", J120=""OUI""), ""✅ COMPLET"", ""⚠️ À OPTIMISER"")"
120,La forge,Montseret,France,12.0,A décider (A appeler),"=IF(OR(E121<5, H121=""NON"", I121=""NON"", J121=""NON""), ""HAUTE"", ""MOYENNE"")",OUI,OUI,OUI,, ,Voir,Voir,,, ,Montseret,,,24/04/2025,,+33428382530,N/D,N/D,"=IF(AND(H121=""OUI"", I121=""OUI"", J121=""OUI""), ""✅ COMPLET"", ""⚠️ À OPTIMISER"")"
121,La Feuilleraie,Montseret,France,18.0,Publié (Conserver),"=IF(OR(E122<5, H122=""NON"", I122=""NON"", J122=""NON""), ""HAUTE"", ""MOYENNE"")",OUI,OUI,OUI,, ,Voir,Voir,,, ,Montseret,,,24/04/2025,,+33428382530,N/D,N/D,"=IF(AND(H122=""OUI"", I122=""OUI"", J122=""OUI""), ""✅ COMPLET"", ""⚠️ À OPTIMISER"")"
122,La petite écurie,Montseret,France,14.0,A décider (A appeler),"=IF(OR(E123<5, H123=""NON"", I123=""NON"", J123=""NON""), ""HAUTE"", ""MOYENNE"")",OUI,OUI,OUI,, ,Voir,Voir,,, ,Montseret,,,24/04/2025,,+33428382530,N/D,N/D,"=IF(AND(H123=""OUI"", I123=""OUI"", J123=""OUI""), ""✅ COMPLET"", ""⚠️ À OPTIMISER"")"
123,La maison - Grignan,Grignan,France,14.0,Publié (Conserver),"=IF(OR(E124<5, H124=""NON"", I124=""NON"", J124=""NON""), ""HAUTE"", ""MOYENNE"")",OUI,OUI,OUI,, ,Voir,Voir,,, ,Grignan,,,30/04/2025,,+33428382530,N/D,N/D,"=IF(AND(H124=""OUI"", I124=""OUI"", J124=""OUI""), ""✅ COMPLET"", ""⚠️ À OPTIMISER"")"
124,Dans ma bulle,Rieumes,France,8.0,Non contacte,"=IF(OR(E125<5, H125=""NON"", I125=""NON"", J125=""NON""), ""HAUTE"", ""MOYENNE"")",OUI,OUI,NON,, ,Voir,Voir,,, ,Rieumes,,,24/07/2025,,+33428382530,lnfo@entegraps.eu,N/D,"=IF(AND(H125=""OUI"", I125=""OUI"", J125=""OUI""), ""✅ COMPLET"", ""⚠️ À OPTIMISER"")"
125,Le jardin secret & Au Temps Suspendu,Montpezat (Gers),France,7.0,Publié (Conserver),"=IF(OR(E126<5, H126=""NON"", I126=""NON"", J126=""NON""), ""HAUTE"", ""MOYENNE"")",OUI,OUI,OUI,, ,Voir,Voir,,, ,Montpezat-de-Quercy,,,18/07/2025,,06 59 50 07 89,lejardinsecret32@outlook.fr,N/D,"=IF(AND(H126=""OUI"", I126=""OUI"", J126=""OUI""), ""✅ COMPLET"", ""⚠️ À OPTIMISER"")"
126,Maison La Fleur de Boüard,Neac,France,16.0,Publié (Conserver),"=IF(OR(E127<5, H127=""NON"", I127=""NON"", J127=""NON""), ""HAUTE"", ""MOYENNE"")",OUI,OUI,OUI,, ,Voir,Voir,,, ,Neac,,,11/07/2025,,05 57 25 25 13 / 07 85 73 70 31,reservation@lafleurdebouard.com,N/D,"=IF(AND(H127=""OUI"", I127=""OUI"", J127=""OUI""), ""✅ COMPLET"", ""⚠️ À OPTIMISER"")"
127,Combettes,Gaillac,France,31.0,Non contacte,"=IF(OR(E128<5, H128=""NON"", I128=""NON"", J128=""NON""), ""HAUTE"", ""MOYENNE"")",OUI,OUI,OUI,, ,Voir,Voir,,, ,Gaillac,,,30/07/2025,,05 63 57 61 48,contact@combettesgaillac.com,N/D,"=IF(AND(H128=""OUI"", I128=""OUI"", J128=""OUI""), ""✅ COMPLET"", ""⚠️ À OPTIMISER"")"
128,Les congeres,Le Grand-Bornand,France,12.0,Publié (Conserver),"=IF(OR(E129<5, H129=""NON"", I129=""NON"", J129=""NON""), ""HAUTE"", ""MOYENNE"")",OUI,OUI,OUI,, ,Voir,Voir,,, ,Pernet-Mugnier,,,25/07/2025,,04 50 52 83 37,info@lescongeres.com,N/D,"=IF(AND(H129=""OUI"", I129=""OUI"", J129=""OUI""), ""✅ COMPLET"", ""⚠️ À OPTIMISER"")"
129,Domaine des Fargues,Sainte-Foy-de-Longas,France,19.0,Non contacte,"=IF(OR(E130<5, H130=""NON"", I130=""NON"", J130=""NON""), ""HAUTE"", ""MOYENNE"")",OUI,OUI,OUI,, ,Voir,Voir,,, ,Sainte-Foy-de-Longas,,,15/09/2025,,+33 (0)6 30 76 03 22,info@lesfargues.com,N/D,"=IF(AND(H130=""OUI"", I130=""OUI"", J130=""OUI""), ""✅ COMPLET"", ""⚠️ À OPTIMISER"")"
130,Domaine de la durantie,Castelnau-de-Montmirail,France,31.0,Publié (Conserver),"=IF(OR(E131<5, H131=""NON"", I131=""NON"", J131=""NON""), ""HAUTE"", ""MOYENNE"")",OUI,OUI,OUI,, ,Voir,Voir,,, ,Castelnau-de-Montmirail,,,16/09/2025,,+33 (0)6 15 54 33 13,reservations@domainedeladurantie.com,N/D,"=IF(AND(H131=""OUI"", I131=""OUI"", J131=""OUI""), ""✅ COMPLET"", ""⚠️ À OPTIMISER"")"
131,Parc Waetcher,Molières,France,NON,Publié (Conserver),"=IF(OR(E132<5, H132=""NON"", I132=""NON"", J132=""NON""), ""HAUTE"", ""MOYENNE"")",NON,OUI,NON,, , ,Voir,,, ,,,, ,,+33428382530 / +33768264298,info@entegraps.eu,parcwaetcher@gmail.com,"=IF(AND(H132=""OUI"", I132=""OUI"", J132=""OUI""), ""✅ COMPLET"", ""⚠️ À OPTIMISER"")"
132,Bastide de Meilhouret,Larroque,France,25.0,Publié (Conserver),"=IF(OR(E133<5, H133=""NON"", I133=""NON"", J133=""NON""), ""HAUTE"", ""MOYENNE"")",OUI,OUI,OUI,, ,Voir,Voir,,, ,Larroque,,,18/09/2025,,06 30 41 69 57 / 06 19 01 28 67,contact@domaineducolombier-tarn.com,N/D,"=IF(AND(H133=""OUI"", I133=""OUI"", J133=""OUI""), ""✅ COMPLET"", ""⚠️ À OPTIMISER"")"
133,Le chalet cathare,Saissac,France,3.0,Publié (Conserver),"=IF(OR(E134<5, H134=""NON"", I134=""NON"", J134=""NON""), ""HAUTE"", ""MOYENNE"")",OUI,OUI,OUI,, ,Voir,Voir,,, ,Saissac,,,26/09/2025,,06 87 29 88 82 / 04 68 24 44 49,contact@lechaletcathare.fr,N/D,"=IF(AND(H134=""OUI"", I134=""OUI"", J134=""OUI""), ""✅ COMPLET"", ""⚠️ À OPTIMISER"")"
134,Les gites de Melodie - place st pierre,,,0,Publié (Conserver),"=IF(OR(E135<5, H135=""NON"", I135=""NON"", J135=""NON""), ""HAUTE"", ""MOYENNE"")",NON,NON,NON,,,,,,,,,,,,En cours,N/D,N/D,N/D,"=IF(AND(H135=""OUI"", I135=""OUI"", J135=""OUI""), ""✅ COMPLET"", ""⚠️ À OPTIMISER"")"
135,Les Chaumières de Fort Moville,Fort-Moville,France,10.0,Publié (Conserver),"=IF(OR(E136<5, H136=""NON"", I136=""NON"", J136=""NON""), ""HAUTE"", ""MOYENNE"")",OUI,OUI,OUI,, ,Voir,Voir,,, ,Fort-Moville,,,25/10/2025,,06 52 73 59 76,o.saillant@free.fr,N/D,"=IF(AND(H136=""OUI"", I136=""OUI"", J136=""OUI""), ""✅ COMPLET"", ""⚠️ À OPTIMISER"")"
136,Gite du bois labbé,Épaignes,France,16.0,Publié (Conserver),"=IF(OR(E137<5, H137=""NON"", I137=""NON"", J137=""NON""), ""HAUTE"", ""MOYENNE"")",OUI,OUI,OUI,, ,Voir,Voir,,, ,Épaignes,,,25/10/2025,,06 52 73 59 76,o.saillant@free.fr,N/D,"=IF(AND(H137=""OUI"", I137=""OUI"", J137=""OUI""), ""✅ COMPLET"", ""⚠️ À OPTIMISER"")"
137,Gite de l abbée,,,0,Publié (Conserver),"=IF(OR(E138<5, H138=""NON"", I138=""NON"", J138=""NON""), ""HAUTE"", ""MOYENNE"")",NON,NON,NON,,,,,,,,,27,,,En cours,N/D,N/D,N/D,"=IF(AND(H138=""OUI"", I138=""OUI"", J138=""OUI""), ""✅ COMPLET"", ""⚠️ À OPTIMISER"")"
138,Chateau Bagen,Sauveterre-de-Comminges,France,45.0,Publié (Conserver),"=IF(OR(E139<5, H139=""NON"", I139=""NON"", J139=""NON""), ""HAUTE"", ""MOYENNE"")",OUI,OUI,OUI,, ,Voir,Voir,,, ,Sauveterre-de-Comminges,,,31/10/2025,,+33 6 07 43 12 80,Welcome@chateau-bagen.com,N/D,"=IF(AND(H139=""OUI"", I139=""OUI"", J139=""OUI""), ""✅ COMPLET"", ""⚠️ À OPTIMISER"")"
139,L'orée des vignes,PFAFFENHEIM,France,6.0,Publié (Conserver),"=IF(OR(E140<5, H140=""NON"", I140=""NON"", J140=""NON""), ""HAUTE"", ""MOYENNE"")",OUI,OUI,OUI,, ,Voir,Voir,,, ,PFAFFENHEIM,,,04/11/2025,,06 51 20 73 53 / 03 89 49 55 99,contact@gite-oree-des-vignes.alsace,N/D,"=IF(AND(H140=""OUI"", I140=""OUI"", J140=""OUI""), ""✅ COMPLET"", ""⚠️ À OPTIMISER"")"
140,Le vieux pressoir,Dieffenthal,France,19.0,Non contacte,"=IF(OR(E141<5, H141=""NON"", I141=""NON"", J141=""NON""), ""HAUTE"", ""MOYENNE"")",OUI,OUI,OUI,, ,Voir,Voir,,, ,Dieffenthal,,,04/11/2025,,06 79 29 06 05,fgb.hospitalite@gmail.com,N/D,"=IF(AND(H141=""OUI"", I141=""OUI"", J141=""OUI""), ""✅ COMPLET"", ""⚠️ À OPTIMISER"")"
141,Château Clement,,,0,Non contacte,"=IF(OR(E142<5, H142=""NON"", I142=""NON"", J142=""NON""), ""HAUTE"", ""MOYENNE"")",NON,NON,NON,,,,,,,,,81,,,En cours,N/D,N/D,N/D,"=IF(AND(H142=""OUI"", I142=""OUI"", J142=""OUI""), ""✅ COMPLET"", ""⚠️ À OPTIMISER"")"
142,Regisland,Oderen,France,8.0,Non contacte,"=IF(OR(E143<5, H143=""NON"", I143=""NON"", J143=""NON""), ""HAUTE"", ""MOYENNE"")",OUI,OUI,OUI,, ,Voir,Voir,,, ,Oderen,,,26/11/2025,,+33 6 07 03 47 99,info@regisland.com,N/D,"=IF(AND(H143=""OUI"", I143=""OUI"", J143=""OUI""), ""✅ COMPLET"", ""⚠️ À OPTIMISER"")"
143,Le chalet Guytoune,Morzine,France,19.0,Non contacte,"=IF(OR(E144<5, H144=""NON"", I144=""NON"", J144=""NON""), ""HAUTE"", ""MOYENNE"")",OUI,OUI,OUI,, ,Voir,Voir,,, ,Morzine,,,15/12/2025,,06 12 95 00 44,info@chalet-guytoune.com,N/D,"=IF(AND(H144=""OUI"", I144=""OUI"", J144=""OUI""), ""✅ COMPLET"", ""⚠️ À OPTIMISER"")"
144,Les villas du vendoume,,,0,Non contacte,"=IF(OR(E145<5, H145=""NON"", I145=""NON"", J145=""NON""), ""HAUTE"", ""MOYENNE"")",NON,NON,NON,,,,,,,,,07,,,En cours,N/D,N/D,N/D,"=IF(AND(H145=""OUI"", I145=""OUI"", J145=""OUI""), ""✅ COMPLET"", ""⚠️ À OPTIMISER"")"
145,Les chalets du bonheur,Les Houches,France,8.0,Non contacte,"=IF(OR(E146<5, H146=""NON"", I146=""NON"", J146=""NON""), ""HAUTE"", ""MOYENNE"")",OUI,OUI,OUI,, ,Voir,Voir,,, ,Les Houches,,,16/12/2025,,06 77 72 96 12,contact@chalets-du-bonheur.com,N/D,"=IF(AND(H146=""OUI"", I146=""OUI"", J146=""OUI""), ""✅ COMPLET"", ""⚠️ À OPTIMISER"")"
146,Le domaine du Belvedere,Lauzerte,France,24.0,Publié (Conserver),"=IF(OR(E147<5, H147=""NON"", I147=""NON"", J147=""NON""), ""HAUTE"", ""MOYENNE"")",OUI,OUI,OUI,, ,Voir,Voir,,, ,Lauzerte,,,03/11/2018,,05 63 95 51 10,bienvenue@domainedubelvedere.com,N/D,"=IF(AND(H147=""OUI"", I147=""OUI"", J147=""OUI""), ""✅ COMPLET"", ""⚠️ À OPTIMISER"")"
147,Les gites de Melodie - estialesq,,,0,Non contacte,"=IF(OR(E148<5, H148=""NON"", I148=""NON"", J148=""NON""), ""HAUTE"", ""MOYENNE"")",NON,NON,NON,,,,,,,,,64,,,En cours,N/D,N/D,N/D,"=IF(AND(H148=""OUI"", I148=""OUI"", J148=""OUI""), ""✅ COMPLET"", ""⚠️ À OPTIMISER"")"
148,Maylandie,Ferrals-les-Corbières,France,NON,Non contacte,"=IF(OR(E149<5, H149=""NON"", I149=""NON"", J149=""NON""), ""HAUTE"", ""MOYENNE"")",NON,OUI,NON,, , ,Voir,,, ,,,, ,,06 61 93 01 33,contact@maylandie.fr,N/D,"=IF(AND(H149=""OUI"", I149=""OUI"", J149=""OUI""), ""✅ COMPLET"", ""⚠️ À OPTIMISER"")"
